Handle,Title,Body (HTML),Vendor,Product Category,Type,Tags,Published,Option1 Name,Option1 Value,Option1 Linked To,Option2 Name,Option2 Value,Option2 Linked To,Option3 Name,Option3 Value,Option3 Linked To,Variant SKU,Variant Grams,Variant Inventory Tracker,Variant Inventory Qty,Variant Inventory Policy,Variant Fulfillment Service,Variant Price,Variant Compare At Price,Variant Requires Shipping,Variant Taxable,Unit Price Total Measure,Unit Price Total Measure Unit,Unit Price Base Measure,Unit Price Base Measure Unit,Variant Barcodes,Image Src,Image Position,Image Alt Text,Gift Card,SEO Title,SEO Description,Número de calificaciones del producto (product.metafields.reviews.rating_count),Color (product.metafields.shopify.color-pattern),Tipo de ajuste (product.metafields.shopify.fit-type),Estado del artículo (product.metafields.shopify.item-condition),Material del artículo (product.metafields.shopify.item-material),Fuente de luz (product.metafields.shopify.light-source),Características de iluminación (product.metafields.shopify.lighting-features),Tipo de fabricante (product.metafields.shopify.manufacturer-type),Tipo de motocicleta/scooter (product.metafields.shopify.motorcycle-scooter-type),Diseño del espejo del vehículo (product.metafields.shopify.vehicle-mirror-design),Características del espejo del vehículo (product.metafields.shopify.vehicle-mirror-features),Tipo de espejo del vehículo (product.metafields.shopify.vehicle-mirror-type),Variant Image,Variant Weight Unit,Variant Tax Code,Cost per item,Status,Variant Packed Length,Variant Packed Width,Variant Packed Height,Variant Packed Dimension Unit
espejos-moto-tipo-aleron-finos-universales-naked-y-otras,Espejos Moto Tipo Alerón Finos Universales Naked Y Otras,"<p>¿Qué es?<br>Espejos retrovisores de perfil aerodinámico tipo alerón, inspirados en el diseño de motos deportivas de competición. El cuerpo es fino y anguloso, fabricado en aluminio con acabado negro mate. Vienen en par (izquierdo y derecho) e incluyen el kit de tornillos M8 y M10 para adaptarse a distintas motos. Dimensiones: 23 cm de alto × 8,5 cm de ancho. Superficie reflectante: 10 × 3,6 cm.</p>
<p>¿Para qué sirve?<br>Cambian completamente el look de la moto. Reemplazan los espejos de fábrica por un diseño mucho más deportivo y limpio, sin agregar volumen a los costados del manillar. Son universales, funcionan en la gran mayoría de motos naked, deportivas y custom con rosca M8 o M10.</p>
<p>¿Cómo se instala?<br>Se atornillan directamente en el lugar del espejo original. El kit incluye tornillos M8 y M10, arandelas y llave Allen. No requiere mecánico — con una llave Allen alcanza. Tiempo estimado: 5 minutos por par.</p>",Martinez Motos,Vehículos y recambios > Piezas y accesorios para vehículos > Piezas para vehículos motorizados > Espejos para vehículos motorizados,,"Accesorios para Vehículos, Espejos",true,Tipo,Espejos Finos,,,,,,,,ALERONFINOSNK,0.0,shopify,15,deny,manual,1490.00,333.00,true,true,,,,,,https://cdn.shopify.com/s/files/1/0682/5771/0267/files/D_NQ_NP_2X_782955-MLM77584366740_072024-F.webp?v=1776735186,1,,false,,"¿Qué es?
Espejos retrovisores de perfil aerodinámico tipo alerón, inspirados en el diseño de motos deportivas de competición. El cuerpo es fino y anguloso, fabricado en aluminio con acabado negro mate. Vienen en par (izquierdo y derecho) e incluyen el kit de tornillos M8 y M10 para adaptarse a distintas motos. Dimensiones: 23 cm de alto × 8,5 cm de ancho. Superficie reflectante: 10 × 3,6 cm. 
¿Para qué sirve?
Cambian completamente el look de la moto. Reemplazan los espejos de fábrica por un diseño mucho más deportivo y limpio, sin agregar volumen a los costados del manillar. Son universales, funcionan en la gran mayoría de motos naked, deportivas y custom con rosca M8 o M10. 
¿Cómo se instala?
Se atornillan directamente en el lugar del espejo original. El kit incluye tornillos M8 y M10, arandelas y llave Allen. No requiere mecánico — con una llave Allen alcanza. Tiempo estimado: 5 minutos por par.",,black,,new,,,,aftermarket,,adjustable,,side-view,,kg,,,active,,,,
espejos-moto-tipo-aleron-finos-universales-naked-y-otras,,,,,,,,,,,,,,,,,,,,,,,,,,,,,,,,https://cdn.shopify.com/s/files/1/0682/5771/0267/files/D_NQ_NP_2X_994235-MLM83577214441_042025-F.webp?v=1776735186,2,,,,,,,,,,,,,,,,,,,,,,,,,
espejos-moto-tipo-aleron-finos-universales-naked-y-otras,,,,,,,,,,,,,,,,,,,,,,,,,,,,,,,,https://cdn.shopify.com/s/files/1/0682/5771/0267/files/D_NQ_NP_2X_805492-CBT83479760244_042025-F-aleron-de-espejo-retrovisor-invisible-modificado-universal.webp?v=1776735186,3,,,,,,,,,,,,,,,,,,,,,,,,,
espejos-moto-tipo-aleron-finos-universales-naked-y-otras,,,,,,,,,,,,,,,,,,,,,,,,,,,,,,,,https://cdn.shopify.com/s/files/1/0682/5771/0267/files/D_NQ_NP_2X_692397-CBT83479730566_042025-F-aleron-de-espejo-retrovisor-invisible-modificado-universal.webp?v=1776735186,4,,,,,,,,,,,,,,,,,,,,,,,,,
espejos-moto-tipo-aleron-finos-universales-naked-y-otras,,,,,,,,,,,,,,,,,,,,,,,,,,,,,,,,https://cdn.shopify.com/s/files/1/0682/5771/0267/files/D_NQ_NP_2X_678321-CBT83479730568_042025-F-aleron-de-espejo-retrovisor-invisible-modificado-universal.webp?v=1776735186,5,,,,,,,,,,,,,,,,,,,,,,,,,
espejos-moto-tipo-aleron-finos-universales-naked-y-otras,,,,,,,,,,,,,,,,,,,,,,,,,,,,,,,,https://cdn.shopify.com/s/files/1/0682/5771/0267/files/D_NQ_NP_2X_757882-CBT83772308041_042025-F-aleron-de-espejo-retrovisor-invisible-modificado-universal.webp?v=1776735186,6,,,,,,,,,,,,,,,,,,,,,,,,,
espejos-moto-tipo-aleron-finos-universales-naked-y-otras,,,,,,,,,,,,,,,,,,,,,,,,,,,,,,,,https://cdn.shopify.com/s/files/1/0682/5771/0267/files/D_NQ_NP_2X_923082-CBT83479760246_042025-F-aleron-de-espejo-retrovisor-invisible-modificado-universal.webp?v=1776735186,7,,,,,,,,,,,,,,,,,,,,,,,,,
espejos-moto-tipo-aleron-finos-universales-naked-y-otras,,,,,,,,,,,,,,,,,,,,,,,,,,,,,,,,https://cdn.shopify.com/s/files/1/0682/5771/0267/files/D_NQ_NP_2X_998916-CBT83772404963_042025-F-aleron-de-espejo-retrovisor-invisible-modificado-universal.webp?v=1776735186,8,,,,,,,,,,,,,,,,,,,,,,,,,
escape-51mm-universal-copia,Escape tipo Akrapovic 51mm Universal Moto,"<p>Escape universal de 51mm fabricado en acero inoxidable de alta temperatura, disponible en negro, plateado y fibra de carbono (37cm de longitud). Compatible con la mayoría de las motos de calle. Mejora el flujo de gases y aporta una terminación deportiva al conjunto.</p><p><strong>Para qué sirve</strong></p><p>Reemplazar el escape original por una opción que optimiza la salida de gases, mejora el sonido del motor y actualiza la estética trasera de la moto. El diámetro de 51mm permite un flujo de escape más eficiente.</p><p><strong>Cómo se instala</strong></p><p>Se retira el escape original quitando los tornillos de sujeción al colector y a la sujeción trasera. El nuevo se instala en los mismos puntos de anclaje. Se recomienda trabajar con la moto completamente fría.</p>",Dongmu Hongpa,Vehículos y recambios > Piezas y accesorios para vehículos > Piezas para vehículos motorizados > Tubos de escape para vehículos motorizados,Escape,"Accesorios para Vehículos, Chasis, Escapes",true,Title,Default Title,,,,,,,,HP-EXHAUST-A,200.0,shopify,0,deny,manual,3990.00,,true,true,,,,,,https://cdn.shopify.com/s/files/1/0682/5771/0267/files/D_NQ_NP_2X_761469-CBT72517733890_102023-F-escape-silenciador-para-moto-universal-deportivo-37cm-51mm-e.webp?v=1773796850,1,,false,Escape 51mm universal para moto | Martínez Motos,"Escape 51mm universal para motos. Negro, plateado o fibra de carbono. Acero inoxidable. Envío a todo Uruguay.",,,,,,,,,,,,,,kg,,1485.00,active,,,,
escape-51mm-universal-copia,,,,,,,,,,,,,,,,,,,,,,,,,,,,,,,,https://cdn.shopify.com/s/files/1/0682/5771/0267/files/D_NQ_NP_2X_699212-CBT72516934413_102023-F-escape-silenciador-para-moto-universal-deportivo-37cm-51mm-e.webp?v=1773796850,2,,,,,,,,,,,,,,,,,,,,,,,,,
escape-51mm-universal-copia,,,,,,,,,,,,,,,,,,,,,,,,,,,,,,,,https://cdn.shopify.com/s/files/1/0682/5771/0267/files/D_NQ_NP_2X_607026-CBT72517160107_102023-F-escape-silenciador-para-moto-universal-deportivo-37cm-51mm-e.webp?v=1773796850,3,,,,,,,,,,,,,,,,,,,,,,,,,
escape-51mm-universal-copia,,,,,,,,,,,,,,,,,,,,,,,,,,,,,,,,https://cdn.shopify.com/s/files/1/0682/5771/0267/files/D_NQ_NP_2X_653839-MLU73934250880_012024-F_39c75d22-c382-442d-be32-dc9167f46d68.webp?v=1773796850,4,,,,,,,,,,,,,,,,,,,,,,,,,
escape-51mm-universal-copia,,,,,,,,,,,,,,,,,,,,,,,,,,,,,,,,https://cdn.shopify.com/s/files/1/0682/5771/0267/files/D_NQ_NP_2X_846019-CBT72517160113_102023-F-escape-silenciador-para-moto-universal-deportivo-37cm-51mm-e.webp?v=1773796850,5,,,,,,,,,,,,,,,,,,,,,,,,,
escape-51mm-universal-copia,,,,,,,,,,,,,,,,,,,,,,,,,,,,,,,,https://cdn.shopify.com/s/files/1/0682/5771/0267/files/D_NQ_NP_2X_662016-CBT72448542934_102023-F-escape-silenciador-para-moto-universal-deportivo-37cm-51mm-e.webp?v=1773796850,6,,,,,,,,,,,,,,,,,,,,,,,,,
escape-51mm-universal-copia,,,,,,,,,,,,,,,,,,,,,,,,,,,,,,,,https://cdn.shopify.com/s/files/1/0682/5771/0267/files/D_NQ_NP_2X_731309-CBT72517081673_102023-F-escape-silenciador-para-moto-universal-deportivo-37cm-51mm-e.webp?v=1773796850,7,,,,,,,,,,,,,,,,,,,,,,,,,
senalero-led-fino,Señaleros LED Finos Universales 12V Para Moto,"<p>Señaleros LED de perfil ultra fino para moto, disponibles en negro, blanco, amarillo, azul y rojo. Cuerpo en aluminio resistente a vibraciones y corrosión. Diseño minimalista compatible con motos custom, café racer y cualquier modelo que busque un acabado limpio.</p><p><strong>Para qué sirve</strong></p><p>Sustituir los señaleros originales voluminosos por una opción de menor perfil que no interrumpe la línea de la moto. Mantienen la funcionalidad legal de señalización con mayor integración estética.</p><p><strong>Cómo se instala</strong></p><p>Plug and play a 12V. Se retiran los señaleros originales y se conectan los nuevos en los mismos cables. Sin cortes ni empalmes.</p>",Dongmu Hongpa,Vehículos y recambios > Piezas y accesorios para vehículos > Piezas para vehículos motorizados > Luces para vehículos motorizados > Intermitentes,Eléctrico,"Accesorios para Vehículos, Repuestos Motos y Cuatriciclos, Señaleros",true,Color,Negro,,,,,,,,HP-Z0531,200.0,shopify,3,deny,manual,370.00,,true,true,,,,,,https://cdn.shopify.com/s/files/1/0682/5771/0267/files/D_NQ_NP_2X_638848-MLM104325378151_012026-F.webp?v=1773856672,1,,false,Señalero LED fino universal moto | Martínez Motos,"Señaleros LED finos universales para motos. Diseño slim moderno, alta visibilidad. 5 colores. Envío en Uruguay.",,,,,,,,,,,,,,kg,,209.60,active,,,,
senalero-led-fino,,,,,,,,,Blanco,,,,,,,,HP-Z0532,200.0,shopify,3,deny,manual,370.00,,true,true,,,,,,https://cdn.shopify.com/s/files/1/0682/5771/0267/files/D_NQ_NP_2X_951979-MLM104325467649_012026-F.webp?v=1773856812,2,,,,,,,,,,,,,,,,,,kg,,209.60,,,,,
senalero-led-fino,,,,,,,,,Amarillo,,,,,,,,HP-Z0533,200.0,shopify,1,deny,manual,370.00,,true,true,,,,,,https://cdn.shopify.com/s/files/1/0682/5771/0267/files/D_NQ_NP_2X_657555-MLM103795762044_012026-F.webp?v=1773856812,3,,,,,,,,,,,,,,,,,,kg,,209.60,,,,,
senalero-led-fino,,,,,,,,,Azul,,,,,,,,HP-Z0534,200.0,shopify,3,deny,manual,370.00,,true,true,,,,,,https://cdn.shopify.com/s/files/1/0682/5771/0267/files/D_NQ_NP_2X_876612-MLM103794541448_012026-F.webp?v=1773856812,4,,,,,,,,,,,,,,,,,,kg,,209.60,,,,,
senalero-led-fino,,,,,,,,,Rojo,,,,,,,,HP-Z0535,200.0,shopify,3,deny,manual,370.00,,true,true,,,,,,,,,,,,,,,,,,,,,,,,,kg,,209.60,,,,,
manillar-universal,Manillar Universal Aluminio Para Moto 22mm,"<p>Manillar universal de aluminio anodizado de alta resistencia, diámetro estándar 7/8'' (22mm). Disponible en negro, blanco, amarillo, azul y rojo. Compatible con la gran mayoría de motos de calle, naked y custom. Diseño ergonómico para mayor control y confort.</p><p><strong>Para qué sirve</strong></p><p>Reemplazar el manillar original para modificar la posición de conducción, mejorar la ergonomía del piloto o personalizar el aspecto de la moto. El aluminio anodizado ofrece mayor ligereza y resistencia frente a los manillares de acero de fábrica.</p><p><strong>Cómo se instala</strong></p><p>Se aflojan las abrazaderas superiores de la tija, se retiran todos los controles (puños, palancas, acelerador, interruptores) y se coloca el nuevo manillar. Se vuelven a montar los controles y se alinea antes de apretar definitivamente.</p>",Dongmu Hongpa,Equipamiento deportivo > Actividades al aire libre > Ciclismo > Piezas para bicicletas > Manillares para bicicletas,Manillar,"Chasis, Repuestos Motos y Cuatriciclos",true,Color,Negro,,,,,,,,HP-CB0381,200.0,shopify,4,deny,manual,1190.00,,true,true,,,,,,https://cdn.shopify.com/s/files/1/0682/5771/0267/files/H565f8a597fcd4935a628f2fb834506a6T.jpg?v=1773790986,1,,false,Manillar universal aluminio para moto | Martínez Motos,Manillar universal en aluminio para motos. 5 colores disponibles. Diámetro 22mm. Envío a todo Uruguay.,,,,,,,,,,,,,https://cdn.shopify.com/s/files/1/0682/5771/0267/files/Hdec9f2796e674ed0970a76fa9cbca839g.jpg?v=1773790986,kg,,484.20,active,,,,
manillar-universal,,,,,,,,,Blanco,,,,,,,,HP-CB0382,200.0,shopify,6,deny,manual,1190.00,,true,true,,,,,,https://cdn.shopify.com/s/files/1/0682/5771/0267/files/Hdec9f2796e674ed0970a76fa9cbca839g.jpg?v=1773790986,2,,,,,,,,,,,,,,,,,https://cdn.shopify.com/s/files/1/0682/5771/0267/files/H6fd4f81e759a4b10a63d20c4e9a3b56fQ.jpg?v=1773790986,kg,,484.20,,,,,
manillar-universal,,,,,,,,,Amarillo,,,,,,,,HP-CB0383,200.0,shopify,0,deny,manual,1190.00,,true,true,,,,,,https://cdn.shopify.com/s/files/1/0682/5771/0267/files/H98a8eee68bad4b45b31a748762a5bf3e2.jpg?v=1773790986,3,,,,,,,,,,,,,,,,,https://cdn.shopify.com/s/files/1/0682/5771/0267/files/H429bbaed5d8c40d6941007776116cb9b9.jpg?v=1773790986,kg,,484.20,,,,,
manillar-universal,,,,,,,,,Azul,,,,,,,,HP-CB0384,200.0,shopify,1,deny,manual,1190.00,,true,true,,,,,,https://cdn.shopify.com/s/files/1/0682/5771/0267/files/Hd93488fcb9b9446293eaa75b340b0d26X.jpg?v=1773790986,4,,,,,,,,,,,,,,,,,https://cdn.shopify.com/s/files/1/0682/5771/0267/files/Hd93488fcb9b9446293eaa75b340b0d26X.jpg?v=1773790986,kg,,484.20,,,,,
manillar-universal,,,,,,,,,Rojo,,,,,,,,HP-CB0385,200.0,shopify,0,deny,manual,1190.00,,true,true,,,,,,https://cdn.shopify.com/s/files/1/0682/5771/0267/files/H6fd4f81e759a4b10a63d20c4e9a3b56fQ.jpg?v=1773790986,5,,,,,,,,,,,,,,,,,https://cdn.shopify.com/s/files/1/0682/5771/0267/files/H98a8eee68bad4b45b31a748762a5bf3e2.jpg?v=1773790986,kg,,484.20,,,,,
manillar-universal,,,,,,,,,,,,,,,,,,,,,,,,,,,,,,,,https://cdn.shopify.com/s/files/1/0682/5771/0267/files/H429bbaed5d8c40d6941007776116cb9b9.jpg?v=1773790986,6,,,,,,,,,,,,,,,,,,,,,,,,,
guardabarros-trasero-universal,Guardabarros Trasero Universal Moto ABS,"<p>Guardabarros trasero universal fabricado en plástico ABS resistente a impactos y rayos UV. Compatible con ruedas traseras de 17'' a 21''. Incluye kit de tornillos y soportes de montaje. Diseño deportivo adaptable a la mayoría de motos sin modificaciones.</p><p><strong>Para qué sirve</strong></p><p>Proteger las partes traseras de la moto del barro, agua y piedras proyectados por la rueda. También evita que los residuos alcancen al conductor o a vehículos que circulan detrás.</p><p><strong>Cómo se instala</strong></p><p>Se retira el guardabarros original quitando sus puntos de sujeción al subchasis. El nuevo se coloca en los mismos puntos utilizando el kit incluido.</p>",Dongmu Hongpa,Vehículos y recambios > Piezas y accesorios para vehículos > Piezas para vehículos motorizados > Piezas de bastidor y carrocería para vehículos motorizados > Guardabarros,Carenado,"Accesorios para Vehículos, Chasis",true,Title,Default Title,,,,,,,,HP-DB004-B,200.0,shopify,0,deny,manual,1290.00,,true,true,,,,,,https://cdn.shopify.com/s/files/1/0682/5771/0267/files/H15ea78ba325c4557a347e12c11c352e9x.jpg?v=1773790738,1,,false,Guardabarros trasero universal para moto | Martínez Motos,"Guardabarros trasero universal para motos. ABS resistente, fácil instalación. Envío en Uruguay.",,,,,,,,,,,,,,kg,,622.80,active,,,,
guardabarros-trasero-universal,,,,,,,,,,,,,,,,,,,,,,,,,,,,,,,,https://cdn.shopify.com/s/files/1/0682/5771/0267/files/H91783f238c0e43ee943c9943e819dfffO.jpg?v=1773790986,2,,,,,,,,,,,,,,,,,,,,,,,,,
guardabarros-trasero-universal,,,,,,,,,,,,,,,,,,,,,,,,,,,,,,,,https://cdn.shopify.com/s/files/1/0682/5771/0267/files/Ha775f340d44f438daf29680dfc5a6f52l.jpg?v=1773790986,3,,,,,,,,,,,,,,,,,,,,,,,,,
guardabarros-trasero-universal,,,,,,,,,,,,,,,,,,,,,,,,,,,,,,,,https://cdn.shopify.com/s/files/1/0682/5771/0267/files/H87f5dbf2604946bb8a0b17aa49be07b8S.jpg?v=1773790986,4,,,,,,,,,,,,,,,,,,,,,,,,,
guardabarros-trasero-universal,,,,,,,,,,,,,,,,,,,,,,,,,,,,,,,,https://cdn.shopify.com/s/files/1/0682/5771/0267/files/Ha7d79677c1ee4522ae6c5436baf226019.jpg?v=1773790738,5,,,,,,,,,,,,,,,,,,,,,,,,,
guardabarros-trasero-universal,,,,,,,,,,,,,,,,,,,,,,,,,,,,,,,,https://cdn.shopify.com/s/files/1/0682/5771/0267/files/Hfd2b491e9c3447178eecf13ffd06cbd3q.jpg?v=1773790738,6,,,,,,,,,,,,,,,,,,,,,,,,,
escape-51mm-universal,Escape SC Project 51mm Universal Moto,"<p>Escape universal de 51mm con terminación premium inspirada en SC Project, disponible en negro y plateado. Fabricado en acero inoxidable resistente a altas temperaturas. Acabado de nivel superior con mayor atención al detalle en soldaduras y terminaciones.</p><p><strong>Para qué sirve</strong></p><p>Sustituir el escape de fábrica por una opción de mayor calidad visual y sonora. Ideal para motos de calle que buscan una mejora estética significativa con un acabado reconocible dentro del ambiente motero.</p><p><strong>Cómo se instala</strong></p><p>Se retira el original quitando los puntos de fijación al colector y al chasis, y se instala el nuevo en los mismos anclajes.</p>",Dongmu Hongpa,Vehículos y recambios > Piezas y accesorios para vehículos > Piezas para vehículos motorizados > Tubos de escape para vehículos motorizados,Escape,"Accesorios para Vehículos, Chasis, Escapes",true,Color,Negro,,,,,,,,HP-EXHAUST-GBLACK,200.0,shopify,1,deny,manual,2490.00,,true,true,,,,,,https://cdn.shopify.com/s/files/1/0682/5771/0267/files/s-l1600_0d3ba265-ffe9-4f59-9a2e-da85603c4d5c.webp?v=1773792527,1,,false,Escape 51mm universal para moto | Martínez Motos,"Escape 51mm universal para motos. Negro, plateado o fibra de carbono. Acero inoxidable. Envío a todo Uruguay.",,,,,,,,,,,,,https://cdn.shopify.com/s/files/1/0682/5771/0267/files/s-l1600_0d3ba265-ffe9-4f59-9a2e-da85603c4d5c.webp?v=1773792527,kg,,1125.00,active,,,,
escape-51mm-universal,,,,,,,,,Plateado,,,,,,,,HP-EXHAUST-GSILVER,200.0,shopify,2,deny,manual,2190.00,,true,true,,,,,,https://cdn.shopify.com/s/files/1/0682/5771/0267/files/sc-project-curve-universal-exhaust-silver-35442004.jpg?v=1773792537,2,,,,,,,,,,,,,,,,,https://cdn.shopify.com/s/files/1/0682/5771/0267/files/sc-project-curve-universal-exhaust-silver-35442004.jpg?v=1773792537,kg,,900.00,,,,,
escape-51mm-universal,,,,,,,,,,,,,,,,,,,,,,,,,,,,,,,,https://cdn.shopify.com/s/files/1/0682/5771/0267/files/s-l140.webp?v=1773792527,3,,,,,,,,,,,,,,,,,,,,,,,,,
escape-51mm-universal,,,,,,,,,,,,,,,,,,,,,,,,,,,,,,,,https://cdn.shopify.com/s/files/1/0682/5771/0267/files/s-l1600_4.webp?v=1773792528,4,,,,,,,,,,,,,,,,,,,,,,,,,
escape-51mm-universal,,,,,,,,,,,,,,,,,,,,,,,,,,,,,,,,https://cdn.shopify.com/s/files/1/0682/5771/0267/files/s-l500.webp?v=1773792527,5,,,,,,,,,,,,,,,,,,,,,,,,,
escape-51mm-universal,,,,,,,,,,,,,,,,,,,,,,,,,,,,,,,,https://cdn.shopify.com/s/files/1/0682/5771/0267/files/D_NQ_NP_2X_673897-MLU50315985087_062022-F.webp?v=1773792537,6,,,,,,,,,,,,,,,,,,,,,,,,,
parabrisas-polleritas-45cm,Parabrisas Universal 45cm Para Moto Chopper Custom Criuser Transparente,"<p>¿Qué es?<br>Parabrisas universal tipo burbuja de 45 cm de alto × 40 cm de ancho, fabricado en acrílico de alta resistencia en color translúcido. Los herrajes vienen con acabado cromado. Incluye el kit de instalación completo.</p>
<p>¿Para qué sirve?<br>Protegerte del viento, la lluvia y los insectos: desvía el flujo de aire directo al pecho y al casco, reduce la fatiga en viajes largos y mejora la aerodinámica de la moto. Es compatible con Harley-Davidson (varios modelos), Honda Magna, Shadow y Spirit, Suzuki Intruder, Yamaha Drag Star y la gran mayoría de modelos chopper, custom o touring.</p>
<p>¿Cómo se instala?<br>Se fija con los herrajes incluidos, sin perforaciones ni modificaciones en la moto. Antes de comprar verificá el diámetro de la horquilla o del manillar donde van los soportes.</p>",Dongmu Hongpa,Vehículos y recambios > Piezas y accesorios para vehículos > Piezas para vehículos motorizados > Piezas de bastidor y carrocería para vehículos motorizados,Carenado,"Accesorios para Vehículos, Chasis, Parabrisas",true,Title,Default Title,,,,,,,,HP-DF028,200.0,shopify,2,deny,manual,3190.00,,true,true,,,,,,https://http2.mlstatic.com/D_611413-MLU114822255004_082026-O.jpg,1,,false,Parabrisas 45cm Moto Chopper Custom Cruiser | Martínez Motos,"Parabrisas universal de 45 cm en acrílico para moto chopper, custom y cruiser. Compatible con Harley, Shadow, Intruder y Drag Star. Envío a todo Uruguay.",,,,,,,,,,,,,https://http2.mlstatic.com/D_611413-MLU114822255004_082026-O.jpg,kg,,969.00,active,,,,
posapie-cross-enduro,Posapies Aluminio CNC Moto Cross Enduro Antideslizante,"<p>Posapies de aluminio CNC mecanizado para motos enduro y cross. Superficie antideslizante optimizada para uso con botas. Ajustables en altura y posición. Compatible con la mayoría de motos de campo.</p><p><strong>Para qué sirve</strong></p><p>Maximizar el agarre del pie en terrenos difíciles como barro, tierra y piedras. El ajuste de posición permite configurar la ergonomía según la altura del piloto o el tipo de terreno, algo no disponible en los posapies originales.</p><p><strong>Cómo se instala</strong></p><p>Reemplazan los posapies originales en los mismos puntos de anclaje del chasis. El ajuste de posición se realiza aflojando el tornillo de regulación, reposicionando y volviendo a apretar.</p>",Dongmu Hongpa,Equipamiento deportivo > Actividades al aire libre > Ciclismo > Piezas para bicicletas > Piezas de ruedas para bicicletas > Reposapiés para bicicletas,Posapié,Puños para motos,true,Title,Default Title,,,,,,,,HP-ZJ039,200.0,shopify,0,deny,manual,1590.00,,true,true,,,,,,https://cdn.shopify.com/s/files/1/0682/5771/0267/files/H5d129ae5e45948d4976ee97e7fd05666H.jpg?v=1773790593,1,,false,Posapié ajustable moto enduro y cross | Martínez Motos,Posapié de aluminio CNC para motos enduro y cross. Antideslizante y ajustable. Envío a todo Uruguay.,,,,,,,,,,,,,,kg,,761.00,active,,,,
protector-punos-senalero-integrado,Guardamanos Moto Con Señalero LED Integrado Negro,"<p>Guardamanos para moto con señalero LED de alta visibilidad integrado en el cuerpo del protector. Fabricado en ABS resistente a impactos. Diseño universal compatible con manillares de 7/8''. Combina protección de manos y señalización en un único accesorio.</p><p><strong>Para qué sirve</strong></p><p>Proteger manos y controles del viento, frío y posibles impactos, mientras suma visibilidad a las señales de giro gracias al LED integrado en una posición destacada. Elimina la necesidad de señaleros separados.</p><p><strong>Cómo se instala</strong></p><p>Se desliza por el extremo del manillar y se fija con abrazadera. Los cables del LED se conectan a los puntos de señalero de la instalación eléctrica original.</p>",Dongmu Hongpa,Vehículos y recambios > Piezas y accesorios para vehículos > Piezas para vehículos motorizados > Piezas de bastidor y carrocería para vehículos motorizados,Protección,Puños para motos,true,Title,Default Title,,,,,,,,HP-HS010,200.0,shopify,8,deny,manual,990.00,,true,true,,,,,,https://cdn.shopify.com/s/files/1/0682/5771/0267/files/H7f4c11598bca46ca96bbbf4dc37a3870L.jpg?v=1773790521,1,,false,Protector de puños con señalero LED integrado | Martínez Motos,Guardamanos con señalero LED integrado para motos. Protección y seguridad vial en uno. Envío a todo Uruguay.,,,,,,,,,,,,,,kg,,387.90,active,,,,
protector-punos-senalero-integrado,,,,,,,,,,,,,,,,,,,,,,,,,,,,,,,,https://cdn.shopify.com/s/files/1/0682/5771/0267/files/H58d0fc1377d648f194040385fcd651f2U.avif?v=1773790521,2,,,,,,,,,,,,,,,,,,,,,,,,,
protector-punos-enduro-cross,Guardamanos Protector Puños Moto Enduro Cross ABS,"<p>Guardamanos resistentes para moto enduro y cross, con cuerpo exterior en ABS duro y barra interior de aluminio. Disponibles en negro, azul y rojo. Montaje universal compatible con manillares estándar de 7/8''.</p><p><strong>Para qué sirve</strong></p><p>Proteger las manos del piloto y los controles de palancas ante impactos con ramas, piedras y caídas en terrenos difíciles. La barra de aluminio interior aporta rigidez estructural y evita que el guardamanos ceda ante golpes fuertes.</p><p><strong>Cómo se instala</strong></p><p>Se desliza por el extremo del manillar y se fija mediante una abrazadera central. La barra de aluminio se ancla en el extremo del manillar.</p>",Dongmu Hongpa,Vehículos y recambios > Piezas y accesorios para vehículos > Piezas para vehículos motorizados > Piezas de bastidor y carrocería para vehículos motorizados,Protección,"Accesorios para Vehículos, Chasis",true,Color,Negro,,,,,,,,HP-Q0211,200.0,shopify,11,deny,manual,690.00,,true,true,,,,,,https://cdn.shopify.com/s/files/1/0682/5771/0267/files/Hc736c01bf9dc46d7b661bdc7f806234eU.jpg?v=1773790472,1,,false,Protector de puños enduro y cross | Martínez Motos,Guardamanos para motos enduro y cross. Máxima protección en ABS y aluminio. Varios colores. Envío en Uruguay.,,,,,,,,,,,,,https://cdn.shopify.com/s/files/1/0682/5771/0267/files/He66d097c84f146acbdcb7f72d2cb71a1x_304a2b68-0dc0-452c-941d-2dbb4b58db15.avif?v=1773864634,kg,,277.20,active,,,,
protector-punos-enduro-cross,,,,,,,,,Azul,,,,,,,,HP-Q0212,200.0,shopify,10,deny,manual,690.00,,true,true,,,,,,https://cdn.shopify.com/s/files/1/0682/5771/0267/files/He373e242ba584b1a8e75fd2c4506c148l.jpg?v=1773790472,2,,,,,,,,,,,,,,,,,https://cdn.shopify.com/s/files/1/0682/5771/0267/files/Hfb439f24c98b4d2882689df0683d8452d.jpg?v=1773790472,kg,,277.20,,,,,
protector-punos-enduro-cross,,,,,,,,,Rojo,,,,,,,,HP-Q0213,200.0,shopify,9,deny,manual,690.00,,true,true,,,,,,https://cdn.shopify.com/s/files/1/0682/5771/0267/files/Hfb439f24c98b4d2882689df0683d8452d.jpg?v=1773790472,3,,,,,,,,,,,,,,,,,https://cdn.shopify.com/s/files/1/0682/5771/0267/files/H4da742c6ffb6487dbd167407a8133f69q.avif?v=1773864634,kg,,277.20,,,,,
protector-punos-enduro-cross,,,,,,,,,,,,,,,,,,,,,,,,,,,,,,,,https://cdn.shopify.com/s/files/1/0682/5771/0267/files/He66d097c84f146acbdcb7f72d2cb71a1x_304a2b68-0dc0-452c-941d-2dbb4b58db15.avif?v=1773864634,4,,,,,,,,,,,,,,,,,,,,,,,,,
protector-punos-enduro-cross,,,,,,,,,,,,,,,,,,,,,,,,,,,,,,,,https://cdn.shopify.com/s/files/1/0682/5771/0267/files/H4da742c6ffb6487dbd167407a8133f69q.avif?v=1773864634,5,,,,,,,,,,,,,,,,,,,,,,,,,
protector-punos-enduro-cross,,,,,,,,,,,,,,,,,,,,,,,,,,,,,,,,https://cdn.shopify.com/s/files/1/0682/5771/0267/files/H53b3a98d699d428f8ad290a7656e28e45.jpg?v=1773864634,6,,,,,,,,,,,,,,,,,,,,,,,,,
protector-levas,Protector De Levas Universal Moto ABS Varios Colores,"<p>Protectores de levas universales fabricados en ABS de alta resistencia. Compatibles con manillares de 7/8'' y 1''. Disponibles en negro, azul y rojo. Diseño curvado aerodinámico que protege sin limitar el recorrido de palancas.</p><p><strong>Para qué sirve</strong></p><p>Proteger las palancas de freno y embrague ante impactos, caídas y vegetación al circular. En caso de caída a baja velocidad, absorben el golpe evitando que las palancas se doblen o rompan.</p><p><strong>Cómo se instala</strong></p><p>Se rosca o fija con abrazadera directamente sobre la palanca existente, sin modificaciones.</p>",Dongmu Hongpa,Vehículos y recambios > Piezas y accesorios para vehículos > Piezas para vehículos motorizados > Tubos de escape para vehículos motorizados,Protección,"Accesorios para Vehículos, Chasis, Frenos, Levas, Repuestos Motos y Cuatriciclos",true,Color,Negro,,,,,,,,HP-Q035B1,200.0,shopify,0,deny,manual,890.00,,true,true,,,,,,https://cdn.shopify.com/s/files/1/0682/5771/0267/files/D_NQ_NP_2X_912996-CBT73097110209_112023-F.webp?v=1773864418,1,,false,Protector de levas moto universal | Martínez Motos,"Protectores de levas universales para moto enduro y cross. ABS resistente, varios colores. Envío a todo Uruguay.",,,,,,,,,,,,,https://cdn.shopify.com/s/files/1/0682/5771/0267/files/D_NQ_NP_2X_912996-CBT73097110209_112023-F.webp?v=1773864418,kg,,350.10,active,,,,
protector-levas,,,,,,,,,Azul,,,,,,,,HP-Q035B2,200.0,shopify,4,deny,manual,890.00,,true,true,,,,,,https://cdn.shopify.com/s/files/1/0682/5771/0267/files/D_NQ_NP_2X_829398-CBT107084062308_022026-F.webp?v=1773864418,2,,,,,,,,,,,,,,,,,https://cdn.shopify.com/s/files/1/0682/5771/0267/files/D_NQ_NP_2X_793983-CBT80860559510_122024-F.webp?v=1773864418,kg,,350.10,,,,,
protector-levas,,,,,,,,,Rojo,,,,,,,,HP-Q035B3,200.0,shopify,0,deny,manual,890.00,,true,true,,,,,,https://cdn.shopify.com/s/files/1/0682/5771/0267/files/D_NQ_NP_2X_793983-CBT80860559510_122024-F.webp?v=1773864418,3,,,,,,,,,,,,,,,,,https://cdn.shopify.com/s/files/1/0682/5771/0267/files/D_NQ_NP_2X_991165-CBT107081143524_022026-F.webp?v=1773864418,kg,,350.10,,,,,
protector-levas,,,,,,,,,,,,,,,,,,,,,,,,,,,,,,,,https://cdn.shopify.com/s/files/1/0682/5771/0267/files/D_NQ_NP_2X_883773-CBT107773434197_022026-F.webp?v=1773864418,4,,,,,,,,,,,,,,,,,,,,,,,,,
protector-levas,,,,,,,,,,,,,,,,,,,,,,,,,,,,,,,,https://cdn.shopify.com/s/files/1/0682/5771/0267/files/D_NQ_NP_2X_991165-CBT107081143524_022026-F.webp?v=1773864418,5,,,,,,,,,,,,,,,,,,,,,,,,,
protector-levas,,,,,,,,,,,,,,,,,,,,,,,,,,,,,,,,https://cdn.shopify.com/s/files/1/0682/5771/0267/files/D_NQ_NP_2X_935932-CBT107776294781_022026-F.webp?v=1773864424,6,,,,,,,,,,,,,,,,,,,,,,,,,
protector-levas,,,,,,,,,,,,,,,,,,,,,,,,,,,,,,,,https://cdn.shopify.com/s/files/1/0682/5771/0267/files/D_NQ_NP_2X_748246-CBT107081412270_022026-F.webp?v=1773864424,7,,,,,,,,,,,,,,,,,,,,,,,,,
espejos-puno-universales,Espejos De Puño Universales Moto Aluminio Negro,"<p>Espejos retrovisores de puño universales fabricados en aluminio de aviación con acabado negro anodizado. Vidrio convexo para mayor campo visual. Compatibles con manillares de 7/8'' (22mm). Se venden en par (izquierdo y derecho).</p><p><strong>Para qué sirve</strong></p><p>Reemplazar los retrovisores originales por una opción de menor volumen y mayor integración con el manillar, manteniendo una visibilidad trasera amplia gracias al cristal convexo.</p><p><strong>Cómo se instala</strong></p><p>Se retiran los espejos originales desenroscándolos de su soporte. Los nuevos se atornillan en el extremo del manillar.</p>",Dongmu Hongpa,Vehículos y recambios > Piezas y accesorios para vehículos > Piezas para vehículos motorizados > Espejos para vehículos motorizados,Espejos,Espejos,true,Color,Negro,,,,,,,,HP-SH-5003-L,200.0,shopify,30,deny,manual,1290.00,,true,true,,,,,,https://cdn.shopify.com/s/files/1/0682/5771/0267/files/H6642e3af7c01466586e00402d958428fu.jpg?v=1773790180,1,,false,Espejos de puño universales para moto | Martínez Motos,Espejos de puño universales en aluminio negro para motos. Alta visibilidad y diseño deportivo. Envío a todo Uruguay.,,,,,,,,,,,,,,kg,,415.80,active,,,,
espejos-puno-universales,,,,,,,,,,,,,,,,,,,,,,,,,,,,,,,,https://cdn.shopify.com/s/files/1/0682/5771/0267/files/He85bd678fc6e42309a0141634b1759cbC_1.png?v=1773790209,2,,,,,,,,,,,,,,,,,,,,,,,,,
anti-shimmy-manillar-universal,Anti Shimmy Manillar Universal Moto Aluminio Negro,"<p>Amortiguador de vibraciones para manillar fabricado en aluminio con acabado negro anodizado. Compatible con manillares de 7/8'' y 1''. Instalación sin modificaciones en motos de calle, enduro y cross.</p><p><strong>Para qué sirve</strong></p><p>Reducir las vibraciones que se transmiten desde el motor al manillar, disminuyendo la fatiga en manos y brazos, especialmente en viajes largos o en carreteras de pavimento irregular.</p><p><strong>Cómo se instala</strong></p><p>Se instala en la zona central del manillar fijándose mediante abrazaderas a los soportes de amortiguación existentes.</p>",Dongmu Hongpa,Vehículos y recambios > Piezas y accesorios para vehículos > Piezas para vehículos motorizados > Piezas de bastidor y carrocería para vehículos motorizados,Manillar,"Accesorios para Vehículos, Chasis",true,Title,Default Title,,,,,,,,HP-MG072,200.0,shopify,3,deny,manual,990.00,,true,true,,,,,,https://cdn.shopify.com/s/files/1/0682/5771/0267/files/ca88c951-dab8-453a-a318-c76c53dcca0a.ee5adf34a2ef9a940609919e8064f14d.webp?v=1773864032,1,,false,Anti-shimmy manillar universal | Martínez Motos,Anti-shimmy universal para manillar de moto. Reducí vibraciones y mejorá el control. Envío a todo Uruguay.,,,,,,,,,,,,,,kg,,124.20,active,,,,
anti-shimmy-manillar-universal,,,,,,,,,,,,,,,,,,,,,,,,,,,,,,,,https://cdn.shopify.com/s/files/1/0682/5771/0267/files/d34712f1-cbfc-4e97-b875-ee0b66015525.e3790e082203313bce96cfeea2e64541.jpg?v=1773864032,2,,,,,,,,,,,,,,,,,,,,,,,,,
anti-shimmy-manillar-universal,,,,,,,,,,,,,,,,,,,,,,,,,,,,,,,,https://cdn.shopify.com/s/files/1/0682/5771/0267/files/e0c6e9b5-fd06-448d-91c8-8948803147ca.1abcd90da38af7c6d26e3c5fee7db161.webp?v=1773864032,3,,,,,,,,,,,,,,,,,,,,,,,,,
anti-shimmy-manillar-universal,,,,,,,,,,,,,,,,,,,,,,,,,,,,,,,,https://cdn.shopify.com/s/files/1/0682/5771/0267/files/438567cd-fd3c-42d4-8142-9195b0b06841.5cd118a1b5b6693a3d23d084a9bc72d7.webp?v=1773864032,4,,,,,,,,,,,,,,,,,,,,,,,,,
anti-shimmy-manillar-universal,,,,,,,,,,,,,,,,,,,,,,,,,,,,,,,,https://cdn.shopify.com/s/files/1/0682/5771/0267/files/c87d59d0-c1ee-401f-afbb-963924a3cf60.8679d2044899ba4de4c96241de9d69e1.webp?v=1773864032,5,,,,,,,,,,,,,,,,,,,,,,,,,
anti-shimmy-manillar-universal,,,,,,,,,,,,,,,,,,,,,,,,,,,,,,,,https://cdn.shopify.com/s/files/1/0682/5771/0267/files/0797f255-ca91-4801-8030-e335f4708dd2.a88e63c94f2f0a3bd635a6caea6d6c02.webp?v=1773864032,6,,,,,,,,,,,,,,,,,,,,,,,,,
senaleros-led-secuenciales-luz-amarilla-universales-moto-amarillo,Señaleros Led Secuenciales Luz Amarilla Universales Moto Amarillo,"<p>Señaleros LED secuenciales universales compatibles con la mayoría de las motos del mercado. Luz amarilla de alta intensidad con efecto de flecha progresiva, visible incluso con luz solar directa. Resistentes al agua y a las vibraciones.</p><p><strong>Para qué sirve</strong></p><p>Reemplazar los intermitentes originales de fábrica por una opción de mayor visibilidad. El efecto secuencial tipo flecha mejora notablemente la legibilidad de la señal para los demás conductores, reduciendo el riesgo de accidentes al doblar o cambiar de carril.</p><p><strong>Cómo se instala</strong></p><p>Conexión plug and play a 12V. Se retiran los señaleros originales, se desconectan los cables y se conectan los nuevos en los mismos puntos. No requiere modificaciones en la instalación eléctrica.</p>",Martinez Motos,Vehículos y recambios > Piezas y accesorios para vehículos > Piezas para vehículos motorizados > Luces para vehículos motorizados > Intermitentes,,"Accesorios para Vehículos, Repuestos Motos y Cuatriciclos, Señaleros",true,Title,Default Title,,,,,,,,SEÑAL01,0.0,shopify,0,deny,manual,350.00,,true,true,,,,,,https://cdn.shopify.com/s/files/1/0682/5771/0267/files/H746f135875e1401f8f813ecddabd8c4b4.jpg?v=1774384650,1,,false,Señaleros LED Secuenciales Universales Moto | Martínez Motos,Señaleros LED secuenciales tipo flecha universales para moto. Luz amarilla de alta visibilidad. Envío Uruguay.,,black; yellow; geometric,universal,new,,led,led-lighting,aftermarket,,,,,,kg,,200.00,active,,,,
senaleros-led-secuenciales-luz-amarilla-universales-moto-amarillo,,,,,,,,,,,,,,,,,,,,,,,,,,,,,,,,https://cdn.shopify.com/s/files/1/0682/5771/0267/files/H0f92578c72204cceaa92e7d6ededa243t.jpg?v=1774384650,2,,,,,,,,,,,,,,,,,,,,,,,,,
senaleros-led-secuenciales-luz-amarilla-universales-moto-amarillo,,,,,,,,,,,,,,,,,,,,,,,,,,,,,,,,https://cdn.shopify.com/s/files/1/0682/5771/0267/files/H372b4dc5faaf489886d2b8dda423cb097.jpg?v=1774384650,3,,,,,,,,,,,,,,,,,,,,,,,,,
senaleros-led-secuenciales-luz-amarilla-universales-moto-amarillo,,,,,,,,,,,,,,,,,,,,,,,,,,,,,,,,https://cdn.shopify.com/s/files/1/0682/5771/0267/files/H91866b4395a94b108b64d697b3362cecD.jpg?v=1774384650,4,,,,,,,,,,,,,,,,,,,,,,,,,
senaleros-led-secuenciales-luz-amarilla-universales-moto-amarillo,,,,,,,,,,,,,,,,,,,,,,,,,,,,,,,,https://cdn.shopify.com/s/files/1/0682/5771/0267/files/Hbede172db48448d99a28efd75cd8c58b1.jpg?v=1774384650,5,,,,,,,,,,,,,,,,,,,,,,,,,
senaleros-led-secuenciales-luz-amarilla-universales-moto-amarillo,,,,,,,,,,,,,,,,,,,,,,,,,,,,,,,,https://cdn.shopify.com/s/files/1/0682/5771/0267/files/Hf88ae49f44f546ec9eef9187e3cf6661q.jpg?v=1774384650,6,,,,,,,,,,,,,,,,,,,,,,,,,
senaleros-led-secuenciales-luz-amarilla-universales-moto-amarillo,,,,,,,,,,,,,,,,,,,,,,,,,,,,,,,,https://cdn.shopify.com/s/files/1/0682/5771/0267/files/0ce4ed54671548e4aa6b49812ac1c68a-goods.jpg?v=1774384650,7,,,,,,,,,,,,,,,,,,,,,,,,,
gato-soporte-elevador-moto-rueda-trasera-delantera-350kgs,Gato Soporte Elevador Moto Rueda Trasera Delantera 350kgs,"<p>El gato elevador para moto es la herramienta imprescindible para el mantenimiento y la reparación. Con una capacidad de hasta 350kg, permite levantar la rueda trasera o delantera de forma segura y estable para trabajar con comodidad.</p>
<ul>
<li>Capacidad máxima de carga: 350kg</li>
<li>Compatible con rueda trasera y delantera</li>
<li>Base antideslizante para mayor estabilidad durante el trabajo</li>
<li>Construcción en acero resistente de uso profesional</li>
<li>Ideal para taller doméstico y mecánico profesional</li>
</ul>",Martinez Motos,"Vehículos y recambios > Piezas y accesorios para vehículos > Mantenimiento, cuidado y decoración de vehículos > Herramientas específicas y de reparación para vehículos",,"Accesorios para Vehículos, Elevadores, Gatos",true,Color,black,product.metafields.shopify.color-pattern,,,,,,,GZTYJ-41046N,0.0,shopify,1,deny,manual,2890.00,1200.00,true,true,,,,,,https://cdn.shopify.com/s/files/1/0682/5771/0267/files/5b7240bf-98a5-4776-99d1-b2a4b0750e5f.jpg?v=1769384610,1,,false,Gato Elevador Moto 350kg Rueda Trasera | Martínez Motos,Gato soporte elevador para moto hasta 350kg. Levanta rueda trasera y delantera. Ideal para taller. Envío Uruguay.,,black; rojo,,,,,,,,,,,https://cdn.shopify.com/s/files/1/0682/5771/0267/files/D_NQ_NP_2X_953343-MLU100972704319_122025-F.webp?v=1769384624,kg,,1200.00,active,,,,
gato-soporte-elevador-moto-rueda-trasera-delantera-350kgs,,,,,,,,,rojo,,,,,,,,GZTYJ-41046R,0.0,shopify,0,deny,manual,2890.00,1200.00,true,true,,,,,,https://cdn.shopify.com/s/files/1/0682/5771/0267/files/D_NQ_NP_2X_953343-MLU100972704319_122025-F.webp?v=1769384624,2,,,,,,,,,,,,,,,,,https://cdn.shopify.com/s/files/1/0682/5771/0267/files/5b7240bf-98a5-4776-99d1-b2a4b0750e5f.jpg?v=1769384610,kg,,1200.00,,,,,
gato-soporte-elevador-moto-rueda-trasera-delantera-350kgs,,,,,,,,,,,,,,,,,,,,,,,,,,,,,,,,https://cdn.shopify.com/s/files/1/0682/5771/0267/files/3587a2c6-de0d-4d58-b83a-8544e47f80c3-_1.jpg?v=1769384624,3,,,,,,,,,,,,,,,,,,,,,,,,,
gato-soporte-elevador-moto-rueda-trasera-delantera-350kgs,,,,,,,,,,,,,,,,,,,,,,,,,,,,,,,,https://cdn.shopify.com/s/files/1/0682/5771/0267/files/D_NQ_NP_2X_606450-MLU78389565437_082024-F.webp?v=1769384624,4,,,,,,,,,,,,,,,,,,,,,,,,,
gato-soporte-elevador-moto-rueda-trasera-delantera-350kgs,,,,,,,,,,,,,,,,,,,,,,,,,,,,,,,,https://cdn.shopify.com/s/files/1/0682/5771/0267/files/D_NQ_NP_2X_715829-MLU51537651206_092022-F.webp?v=1769384624,5,,,,,,,,,,,,,,,,,,,,,,,,,
gato-soporte-elevador-moto-rueda-trasera-delantera-350kgs,,,,,,,,,,,,,,,,,,,,,,,,,,,,,,,,https://cdn.shopify.com/s/files/1/0682/5771/0267/files/6e58fefe-32b3-4315-ba8b-0a4f28d9d64f.jpg?v=1769384624,6,,,,,,,,,,,,,,,,,,,,,,,,,
gato-soporte-elevador-moto-rueda-trasera-delantera-350kgs,,,,,,,,,,,,,,,,,,,,,,,,,,,,,,,,https://cdn.shopify.com/s/files/1/0682/5771/0267/files/GatoSoporteElevadorMotoRuedaTraseraDelantera350kgs_2.png?v=1769384610,7,,,,,,,,,,,,,,,,,,,,,,,,,
gato-soporte-elevador-moto-rueda-trasera-delantera-350kgs,,,,,,,,,,,,,,,,,,,,,,,,,,,,,,,,https://cdn.shopify.com/s/files/1/0682/5771/0267/files/GatoSoporteElevadorMotoRuedaTraseraDelantera350kgs.png?v=1769384610,8,,,,,,,,,,,,,,,,,,,,,,,,,
slider-universal-aluminio-grande-moto-protector-anti-caidas,Slider Universal Aluminio Grande Moto Protector Anti Caídas,"<p>Sliders universales de aluminio de alta resistencia con núcleo absorbente de impactos. Precio por par (izquierdo y derecho incluidos). Color negro. Protegen carenado, motor y chasis ante caídas y choques laterales.</p><p><strong>Para qué sirve</strong></p><p>Absorber el impacto en caso de caída antes de que el choque alcance las piezas de carenado, motor o chasis de la moto. Al ser la primera superficie en contactar el suelo, se desgastan ellos protegiendo componentes de reemplazo significativamente más costosos.</p><p><strong>Cómo se instala</strong></p><p>Se atornillan al chasis de la moto a través de puntos de fijación existentes o mediante perforación controlada del carenado según el modelo. La instalación varía por modelo de moto y puede requerir asistencia mecánica en algunos casos.</p>",Martinez Motos,Vehículos y recambios > Piezas y accesorios para vehículos > Piezas para vehículos motorizados > Piezas de bastidor y carrocería para vehículos motorizados,,"Accesorios para Vehículos, Chasis",true,Color,black,product.metafields.shopify.color-pattern,,,,,,,FSB-002,0.0,shopify,7,deny,manual,1290.00,,true,true,,,,,,https://cdn.shopify.com/s/files/1/0682/5771/0267/files/H262574064dca419bacc87856305b7357e.jpg?v=1769383918,1,,false,Slider Aluminio Grande Moto Anti Caídas | Martínez Motos,"Slider universal de aluminio grande para moto. Protector anti caídas, precio por par. Envío en Uruguay.",,black; naranja,,new,aluminum,,,,,,,,https://cdn.shopify.com/s/files/1/0682/5771/0267/files/4f6d33ef-78a2-4725-8ac1-7155ca353d00.306900cade8d797c16e380296f078f12.webp?v=1769384147,kg,,360.00,active,,,,
slider-universal-aluminio-grande-moto-protector-anti-caidas,,,,,,,,,naranja,,,,,,,,FSB-003,0.0,shopify,1,deny,manual,1290.00,,true,true,,,,,,https://cdn.shopify.com/s/files/1/0682/5771/0267/files/71UCMl7RsBL._AC_SL1500.jpg?v=1769384148,2,,,,,,,,,,,,,,,,,https://cdn.shopify.com/s/files/1/0682/5771/0267/files/D_NQ_NP_2X_644064-MLU110676038325_042026-F.webp?v=1786909445,kg,,360.00,,,,,
slider-universal-aluminio-grande-moto-protector-anti-caidas,,,,,,,,,,,,,,,,,,,,,,,,,,,,,,,,https://cdn.shopify.com/s/files/1/0682/5771/0267/files/540bf955-66b8-4413-8618-e6f99cac4e04.320dcbf3a91baaca5a341e7fa4fd8ce7.webp?v=1769384148,3,,,,,,,,,,,,,,,,,,,,,,,,,
slider-universal-aluminio-grande-moto-protector-anti-caidas,,,,,,,,,,,,,,,,,,,,,,,,,,,,,,,,https://cdn.shopify.com/s/files/1/0682/5771/0267/files/4f6d33ef-78a2-4725-8ac1-7155ca353d00.306900cade8d797c16e380296f078f12.webp?v=1769384147,4,,,,,,,,,,,,,,,,,,,,,,,,,
slider-universal-aluminio-grande-moto-protector-anti-caidas,,,,,,,,,,,,,,,,,,,,,,,,,,,,,,,,https://cdn.shopify.com/s/files/1/0682/5771/0267/files/SISTEMA_CON_MEJOR_FLUJO_DE_AIRE_2.png?v=1769383920,5,,,,,,,,,,,,,,,,,,,,,,,,,
slider-universal-aluminio-grande-moto-protector-anti-caidas,,,,,,,,,,,,,,,,,,,,,,,,,,,,,,,,https://cdn.shopify.com/s/files/1/0682/5771/0267/files/080e2f2e-532f-4041-81f7-e9e215615872.0a761024c4af28ec23b88c7adaa2da07.webp?v=1769384147,6,,,,,,,,,,,,,,,,,,,,,,,,,
slider-universal-aluminio-grande-moto-protector-anti-caidas,,,,,,,,,,,,,,,,,,,,,,,,,,,,,,,,https://cdn.shopify.com/s/files/1/0682/5771/0267/files/51U5i8SRGLL._AC_SL1500.jpg?v=1769384148,7,,,,,,,,,,,,,,,,,,,,,,,,,
slider-universal-aluminio-grande-moto-protector-anti-caidas,,,,,,,,,,,,,,,,,,,,,,,,,,,,,,,,https://cdn.shopify.com/s/files/1/0682/5771/0267/files/516UGhuEHGL._AC_SL1500.jpg?v=1769384147,8,,,,,,,,,,,,,,,,,,,,,,,,,
slider-universal-aluminio-grande-moto-protector-anti-caidas,,,,,,,,,,,,,,,,,,,,,,,,,,,,,,,,https://cdn.shopify.com/s/files/1/0682/5771/0267/files/D_NQ_NP_2X_644064-MLU110676038325_042026-F.webp?v=1786909445,9,,,,,,,,,,,,,,,,,,,,,,,,,
porta-matricula-moto-rebatible-compacto-perfil-bajo-con-luz,Porta Matricula Moto Rebatible Compacto Perfil Bajo Con Luz,<p>Porta matrícula rebatible de perfil bajo con luz LED de iluminación integrada. Mecanismo plegable de accionamiento manual. Compatible con la mayoría de motos y cuatriciclos. Incluye kit de instalación completo.</p><p><strong>Para qué sirve</strong></p><p>Reemplazar el porta-patente original por una versión de menor perfil con acabado más limpio y deportivo. La luz LED integrada ilumina la matrícula cumpliendo los requisitos legales de visibilidad nocturna sin cables adicionales visibles.</p><p><strong>Cómo se instala</strong></p><p>Se retira el porta-patente original quitando sus tornillos de sujeción. El nuevo se instala en los mismos puntos o en los soportes incluidos. La luz LED se conecta al circuito de la luz trasera.</p>,Martinez Motos,"Vehículos y recambios > Piezas y accesorios para vehículos > Mantenimiento, cuidado y decoración de vehículos > Decoración de vehículos > Monturas y soportes para placas de matrícula de vehículos",,"Accesorios para Vehículos, Chasis, Porta Matrículas, Repuestos Motos y Cuatriciclos",true,Title,Default Title,,,,,,,,PATENTE1,0.0,shopify,12,deny,manual,890.00,,true,true,,,,,,https://cdn.shopify.com/s/files/1/0682/5771/0267/files/187-026-Q0_1-1-500x500.jpg?v=1769383544,1,,false,Porta Matrícula Rebatible Compacto Con Luz | Martínez Motos,Porta matrícula rebatible compacto perfil bajo con luz LED para moto. Diseño limpio. Envío a todo Uruguay.,,,,,,,,,,,,,,kg,,108.00,active,,,,
porta-matricula-moto-rebatible-compacto-perfil-bajo-con-luz,,,,,,,,,,,,,,,,,,,,,,,,,,,,,,,,https://cdn.shopify.com/s/files/1/0682/5771/0267/files/51X227BVaeL._SX522.jpg?v=1769383544,2,,,,,,,,,,,,,,,,,,,,,,,,,
porta-matricula-moto-rebatible-compacto-perfil-bajo-con-luz,,,,,,,,,,,,,,,,,,,,,,,,,,,,,,,,https://cdn.shopify.com/s/files/1/0682/5771/0267/files/187-026-Q0-1.jpg?v=1769383544,3,,,,,,,,,,,,,,,,,,,,,,,,,
porta-matricula-moto-rebatible-compacto-perfil-bajo-con-luz,,,,,,,,,,,,,,,,,,,,,,,,,,,,,,,,https://cdn.shopify.com/s/files/1/0682/5771/0267/files/187-026-Q0_2-1-500x500.jpg?v=1769383544,4,,,,,,,,,,,,,,,,,,,,,,,,,
porta-matricula-moto-rebatible-compacto-perfil-bajo-con-luz,,,,,,,,,,,,,,,,,,,,,,,,,,,,,,,,https://cdn.shopify.com/s/files/1/0682/5771/0267/files/419nRvj4rDL.jpg?v=1769383528,5,,,,,,,,,,,,,,,,,,,,,,,,,
porta-matricula-moto-rebatible-compacto-perfil-bajo-con-luz,,,,,,,,,,,,,,,,,,,,,,,,,,,,,,,,https://cdn.shopify.com/s/files/1/0682/5771/0267/files/s-l1600.webp?v=1769383528,6,,,,,,,,,,,,,,,,,,,,,,,,,
posapies-universales-de-aluminio-negro-para-moto,Posapies Universales De Aluminio Negro Para Moto,"<p>Posapies universales fabricados en aluminio negro anodizado resistente a la corrosión. Superficie antideslizante compatible con cualquier tipo de calzado. Incluye kit de montaje y tornillería. Compatibles con la mayoría de motos de calle.</p><p><strong>Para qué sirve</strong></p><p>Reemplazar los posapies originales por una opción de aluminio más ligera y con mejor agarre, especialmente en condiciones de lluvia o con calzado mojado. También mejoran la estética del conjunto.</p><p><strong>Cómo se instala</strong></p><p>Se retiran los posapies originales quitando el pasador o tornillo de sujeción al chasis. Los nuevos se fijan en el mismo punto con el kit de montaje incluido.</p>",Martinez Motos,Vehículos y recambios > Piezas y accesorios para vehículos > Piezas para vehículos motorizados > Piezas de bastidor y carrocería para vehículos motorizados,,"Accesorios para Vehículos, Chasis, Posapiés, Repuestos Motos y Cuatriciclos",true,Title,Default Title,,,,,,,,POSAPIE1,0.0,shopify,0,deny,manual,1290.00,,true,true,,,,,,https://cdn.shopify.com/s/files/1/0682/5771/0267/files/71oTQCz_OIL._AC_SL1500.jpg?v=1769383205,1,,false,Posapies Aluminio Negro Universales Moto | Martínez Motos,Posapies universales de aluminio negro para moto. Antideslizantes y resistentes. Envío a todo Uruguay.,,,,,,,,,,,,,,kg,,522.00,active,,,,
posapies-universales-de-aluminio-negro-para-moto,,,,,,,,,,,,,,,,,,,,,,,,,,,,,,,,https://cdn.shopify.com/s/files/1/0682/5771/0267/files/D_Q_NP_783119-MLU83976963659_042025-R.webp?v=1769383205,2,,,,,,,,,,,,,,,,,,,,,,,,,
posapies-universales-de-aluminio-negro-para-moto,,,,,,,,,,,,,,,,,,,,,,,,,,,,,,,,https://cdn.shopify.com/s/files/1/0682/5771/0267/files/D_NQ_NP_2X_894162-MLU83684104838_042025-F.webp?v=1769383205,3,,,,,,,,,,,,,,,,,,,,,,,,,
posapies-universales-de-aluminio-negro-para-moto,,,,,,,,,,,,,,,,,,,,,,,,,,,,,,,,https://cdn.shopify.com/s/files/1/0682/5771/0267/files/D_NQ_NP_2X_957584-MLU83683790190_042025-F.webp?v=1769383205,4,,,,,,,,,,,,,,,,,,,,,,,,,
posapies-universales-de-aluminio-negro-para-moto,,,,,,,,,,,,,,,,,,,,,,,,,,,,,,,,https://cdn.shopify.com/s/files/1/0682/5771/0267/files/71C3wsJ4gHL._AC_SL1500.jpg?v=1769383205,5,,,,,,,,,,,,,,,,,,,,,,,,,
posapies-universales-de-aluminio-negro-para-moto,,,,,,,,,,,,,,,,,,,,,,,,,,,,,,,,https://cdn.shopify.com/s/files/1/0682/5771/0267/files/71pLWKxb-jL._AC_SL1500.jpg?v=1769383205,6,,,,,,,,,,,,,,,,,,,,,,,,,
posapies-universales-de-aluminio-negro-para-moto,,,,,,,,,,,,,,,,,,,,,,,,,,,,,,,,https://cdn.shopify.com/s/files/1/0682/5771/0267/files/71RHNJJacdL._AC_SL1500.jpg?v=1769383205,7,,,,,,,,,,,,,,,,,,,,,,,,,
posapies-universales-de-aluminio-negro-para-moto,,,,,,,,,,,,,,,,,,,,,,,,,,,,,,,,https://cdn.shopify.com/s/files/1/0682/5771/0267/files/71WCGMFBvWL._AC_SL1500.jpg?v=1769383205,8,,,,,,,,,,,,,,,,,,,,,,,,,
extensor-de-pie-pata-lateral-moto-bicicleta-base-soporte-negro,Extensor De Pie Pata Lateral Moto Bicicleta Base Soporte Negro,"<p>Extensor de pata lateral para moto y bicicleta que amplía la superficie de apoyo hasta 3 veces. Material resistente a la intemperie y al peso. Compatible con la mayoría de patas laterales del mercado. Instalación sin herramientas.</p><p><strong>Para qué sirve</strong></p><p>Evitar que la moto se hunda o se incline en exceso cuando está estacionada en superficies blandas, tierra, asfalto caliente o adoquines. Distribuye mejor el peso de la moto sobre la pata lateral.</p><p><strong>Cómo se instala</strong></p><p>Se coloca en la punta de la pata lateral y se fija con el tornillo o clip incluido. No requiere herramientas.</p>",Martinez Motos,Vehículos y recambios > Piezas y accesorios para vehículos > Piezas para vehículos motorizados > Piezas de bastidor y carrocería para vehículos motorizados,,"Accesorios para Vehículos, Chasis, Patas de Apoyo, Repuestos Motos y Cuatriciclos",true,Title,Default Title,,,,,,,,YTLY-30,0.0,shopify,24,deny,manual,274.00,,true,true,,,,,,https://cdn.shopify.com/s/files/1/0682/5771/0267/files/f8d9c7b921bf47faa319c321b9598415-goods.jpg?v=1769384266,1,,false,Extensor Pata Lateral Moto Soporte Negro | Martínez Motos,Extensor de pie para pata lateral de moto y bicicleta. Evita que se hunda en superficies blandas. Envío Uruguay.,,,,,,,,,,,,,,kg,,79.00,active,,,,
extensor-de-pie-pata-lateral-moto-bicicleta-base-soporte-negro,,,,,,,,,,,,,,,,,,,,,,,,,,,,,,,,https://cdn.shopify.com/s/files/1/0682/5771/0267/files/cd50661e3bd8487e83f2bc7b706a2c32-goods.jpg?v=1769384266,2,,,,,,,,,,,,,,,,,,,,,,,,,
extensor-de-pie-pata-lateral-moto-bicicleta-base-soporte-negro,,,,,,,,,,,,,,,,,,,,,,,,,,,,,,,,https://cdn.shopify.com/s/files/1/0682/5771/0267/files/8cc47563-801c-4283-bb5e-ed57bd052138.jpg?v=1769384266,3,,,,,,,,,,,,,,,,,,,,,,,,,
extensor-de-pie-pata-lateral-moto-bicicleta-base-soporte-negro,,,,,,,,,,,,,,,,,,,,,,,,,,,,,,,,https://cdn.shopify.com/s/files/1/0682/5771/0267/files/0d62df8efd8f4d7d959395dff2ce2ae3-goods.jpg?v=1769384266,4,,,,,,,,,,,,,,,,,,,,,,,,,
extensor-de-pie-pata-lateral-moto-bicicleta-base-soporte-negro,,,,,,,,,,,,,,,,,,,,,,,,,,,,,,,,https://cdn.shopify.com/s/files/1/0682/5771/0267/files/baef9bee3a4f48b888a6bf35fd712fd9-goods.jpg?v=1769384266,5,,,,,,,,,,,,,,,,,,,,,,,,,
protector-de-levas-freno-y-embrague-estilo-fibra-de-carbono-negro,Protector De Levas Freno Y Embrague Estilo Fibra De Carbono Negro,"<p>Protector de levas para freno y embrague con acabado estilo fibra de carbono en negro mate. Material ABS de alta resistencia. Instalación directa sobre las levas originales sin necesidad de modificaciones. Universal para la mayoría de motos.</p><p><strong>Para qué sirve</strong></p><p>Proteger las palancas de freno y embrague ante golpes y caídas, mientras aporta una estética deportiva de nivel motorsport a los controles de la moto.</p><p><strong>Cómo se instala</strong></p><p>Se coloca directamente sobre la palanca original, deslizándolo o enroscándolo según el modelo de palanca. Sin herramientas.</p>",Martinez Motos,Vehículos y recambios > Piezas y accesorios para vehículos > Piezas para vehículos motorizados > Piezas de bastidor y carrocería para vehículos motorizados,,"Accesorios para Vehículos, Chasis, Frenos, Levas, Repuestos Motos y Cuatriciclos",true,Title,Default Title,,,,,,,,HS-30006,0.0,shopify,20,deny,manual,690.00,,true,true,,,,,,https://cdn.shopify.com/s/files/1/0682/5771/0267/files/31c4d251-1008-4440-b985-d507615f9378.jpg?v=1769383243,1,,false,Protector Levas Fibra De Carbono Moto | Martínez Motos,Protector de levas freno y embrague estilo fibra de carbono negro. Protección y estética. Envío en Uruguay.,,,,,,,,,,,,,,kg,,153.20,active,,,,
protector-de-levas-freno-y-embrague-estilo-fibra-de-carbono-negro,,,,,,,,,,,,,,,,,,,,,,,,,,,,,,,,https://cdn.shopify.com/s/files/1/0682/5771/0267/files/c79a8291c4c84659aa8e420031507c22-goods.jpg?v=1769383315,2,,,,,,,,,,,,,,,,,,,,,,,,,
protector-de-levas-freno-y-embrague-estilo-fibra-de-carbono-negro,,,,,,,,,,,,,,,,,,,,,,,,,,,,,,,,https://cdn.shopify.com/s/files/1/0682/5771/0267/files/295a919b-1cbd-4538-8d85-583a63773dd8.jpg?v=1769383315,3,,,,,,,,,,,,,,,,,,,,,,,,,
protector-de-levas-freno-y-embrague-estilo-fibra-de-carbono-negro,,,,,,,,,,,,,,,,,,,,,,,,,,,,,,,,https://cdn.shopify.com/s/files/1/0682/5771/0267/files/612ddaa4a5d04f0698abaa15be6bbf63-goods.jpg?v=1769383315,4,,,,,,,,,,,,,,,,,,,,,,,,,
protector-de-levas-freno-y-embrague-estilo-fibra-de-carbono-negro,,,,,,,,,,,,,,,,,,,,,,,,,,,,,,,,https://cdn.shopify.com/s/files/1/0682/5771/0267/files/c0ec34a2da3b47e6bf3448a6e1a5ac6c-goods.jpg?v=1769383315,5,,,,,,,,,,,,,,,,,,,,,,,,,
deflector-parabrisas-para-moto-universal-transparente-transparente,Deflector Parabrisas Para Moto Universal Transparente Transparente,"<p>Deflector parabrisas universal fabricado en acrílico transparente de alta resistencia a impactos y rayos UV. Compatible con la mayoría de motos. Incluye kit de soporte y tornillos de montaje. Ideal para turismo y uso diario en ruta.</p><p><strong>Para qué sirve</strong></p><p>Reducir el impacto del viento en el pecho y el casco del conductor a velocidades sostenidas en ruta, disminuyendo la fatiga en viajes largos. La transparencia total mantiene la estética original de la moto.</p><p><strong>Cómo se instala</strong></p><p>Se fija a la parte delantera de la moto o a los espejos usando los soportes incluidos. No requiere perforaciones ni modificaciones en la carrocería.</p>",Martinez Motos,Vehículos y recambios > Piezas y accesorios para vehículos > Piezas para vehículos motorizados > Piezas de bastidor y carrocería para vehículos motorizados,,"Acc. para Motos y Cuatriciclos, Accesorios para Vehículos, Parabrisas",true,Title,Default Title,,,,,,,,DFB-002,0.0,shopify,2,deny,manual,1750.00,,true,true,,,,,,https://cdn.shopify.com/s/files/1/0682/5771/0267/files/4b02ee25-61df-41bb-96f0-3402e70582c2.jpg?v=1769383288,1,,false,Deflector Parabrisas Universal Moto | Martínez Motos,Deflector parabrisas universal transparente para moto. Cortaviento ideal para turismo y ruta. Envío en Uruguay.,,,,,,,,,,,,,,kg,,540.00,active,,,,
deflector-parabrisas-para-moto-universal-transparente-transparente,,,,,,,,,,,,,,,,,,,,,,,,,,,,,,,,https://cdn.shopify.com/s/files/1/0682/5771/0267/files/61eKvdpK1mL._AC_SL1500.jpg?v=1769383289,2,,,,,,,,,,,,,,,,,,,,,,,,,
deflector-parabrisas-para-moto-universal-transparente-transparente,,,,,,,,,,,,,,,,,,,,,,,,,,,,,,,,https://cdn.shopify.com/s/files/1/0682/5771/0267/files/7d0b57f1-32bc-4319-ad98-a4f9d91dc76a.jpg?v=1769383288,3,,,,,,,,,,,,,,,,,,,,,,,,,
deflector-parabrisas-para-moto-universal-transparente-transparente,,,,,,,,,,,,,,,,,,,,,,,,,,,,,,,,https://cdn.shopify.com/s/files/1/0682/5771/0267/files/6037b925-abc1-4576-a1b8-4d4d7071fd1d.jpg?v=1769383290,4,,,,,,,,,,,,,,,,,,,,,,,,,
deflector-parabrisas-para-moto-universal-transparente-transparente,,,,,,,,,,,,,,,,,,,,,,,,,,,,,,,,https://cdn.shopify.com/s/files/1/0682/5771/0267/files/61-qcY82LEL._AC_SL1500.jpg?v=1769383289,5,,,,,,,,,,,,,,,,,,,,,,,,,
deflector-parabrisas-para-moto-universal-transparente-transparente,,,,,,,,,,,,,,,,,,,,,,,,,,,,,,,,https://cdn.shopify.com/s/files/1/0682/5771/0267/files/61mRD9pRSEL._AC_SL1500.jpg?v=1769383289,6,,,,,,,,,,,,,,,,,,,,,,,,,
deflector-parabrisas-para-moto-universal-transparente-transparente,,,,,,,,,,,,,,,,,,,,,,,,,,,,,,,,https://cdn.shopify.com/s/files/1/0682/5771/0267/files/71oVNTGGooL._AC_SL1500.jpg?v=1769383289,7,,,,,,,,,,,,,,,,,,,,,,,,,
deflector-parabrisas-para-moto-universal-transparente-transparente,,,,,,,,,,,,,,,,,,,,,,,,,,,,,,,,https://cdn.shopify.com/s/files/1/0682/5771/0267/files/H947f7de0f0ee40df9320b77a61ea1431F.jpg?v=1769383290,8,,,,,,,,,,,,,,,,,,,,,,,,,
deflector-parabrisas-para-moto-universal-transparente-transparente,,,,,,,,,,,,,,,,,,,,,,,,,,,,,,,,https://cdn.shopify.com/s/files/1/0682/5771/0267/files/Hf6506e1e9c0343ec99ca7b1d0bee402fs.jpg?v=1769383290,9,,,,,,,,,,,,,,,,,,,,,,,,,
par-de-punos-estilo-metalico-para-motos-chopper-cafe-racer-plateado,Par De Puños Estilo Metálico Para Motos Chopper Café Racer Plateado,"<p>Puños de aleación de aluminio con acabado cromado plateado y superficie estriada para agarre seguro. Diseño clásico para motos chopper, café racer, bobber y custom. Compatibles con manillares de 7/8'' (22mm). Par completo incluido.</p><p><strong>Para qué sirve</strong></p><p>Aportar una estética vintage y premium al manillar reemplazando los puños originales. La superficie estriada garantiza un agarre firme y cómodo manteniendo el estilo característico de las motos retro.</p><p><strong>Cómo se instala</strong></p><p>Se retiran los puños originales y se colocan los nuevos en el manillar. Al ser metálicos, se fijan con el tornillo de sujeción incluido sin necesidad de lubricante.</p>",Martinez Motos,Vehículos y recambios > Piezas y accesorios para vehículos > Piezas para vehículos motorizados > Controles de vehículos motorizados,,"Accesorios para Vehículos, Chasis, Puños y Manillares, Repuestos Motos y Cuatriciclos",true,Title,Default Title,,,,,,,,SBJ-10078,0.0,shopify,5,deny,manual,1670.00,,true,true,,,,,,https://cdn.shopify.com/s/files/1/0682/5771/0267/files/cad1be8a-b053-447a-90b3-e5e5488d8c73.jpg?v=1769385519,1,,false,Puños Metálicos Chopper Café Racer Plateado | Martínez Motos,Par de puños estilo metálico plateado para motos chopper y café racer. Look vintage premium. Envío en Uruguay.,,,,,,,,,,,,,,kg,,600.00,active,,,,
par-de-punos-estilo-metalico-para-motos-chopper-cafe-racer-plateado,,,,,,,,,,,,,,,,,,,,,,,,,,,,,,,,https://cdn.shopify.com/s/files/1/0682/5771/0267/files/bc40b6e9-1aaa-4a7e-b7af-4a5a6d5913eb.jpg?v=1769385519,2,,,,,,,,,,,,,,,,,,,,,,,,,
par-de-punos-estilo-metalico-para-motos-chopper-cafe-racer-plateado,,,,,,,,,,,,,,,,,,,,,,,,,,,,,,,,https://cdn.shopify.com/s/files/1/0682/5771/0267/files/2769f2c7-1374-434a-a047-dc6f95f1b431.jpg?v=1769385519,3,,,,,,,,,,,,,,,,,,,,,,,,,
par-de-punos-estilo-metalico-para-motos-chopper-cafe-racer-plateado,,,,,,,,,,,,,,,,,,,,,,,,,,,,,,,,https://cdn.shopify.com/s/files/1/0682/5771/0267/files/a4385de9-0545-41cd-bbbb-d6ba2d6967f0.jpg?v=1769385519,4,,,,,,,,,,,,,,,,,,,,,,,,,
par-de-punos-estilo-metalico-para-motos-chopper-cafe-racer-plateado,,,,,,,,,,,,,,,,,,,,,,,,,,,,,,,,https://cdn.shopify.com/s/files/1/0682/5771/0267/files/5482fe1f-dc7d-4b06-bd79-f6fe69b0b31e.jpg?v=1769385519,5,,,,,,,,,,,,,,,,,,,,,,,,,
par-de-punos-estilo-metalico-para-motos-chopper-cafe-racer-plateado,,,,,,,,,,,,,,,,,,,,,,,,,,,,,,,,https://cdn.shopify.com/s/files/1/0682/5771/0267/files/939c49f8-857f-4742-a676-7080658939ca.jpg?v=1769385519,6,,,,,,,,,,,,,,,,,,,,,,,,,
espejos-aleron-para-motos-deportivas-espejos-gaviota-finos,Espejos Alerón Para Motos Deportivas Espejos Gaviota Finos,<p>Espejos retrovisores de perfil fino tipo gaviota diseñados para motos deportivas con carenado. Cristal convexo para mayor ángulo de visión trasera. Brazo regulable en ángulo. Par completo (izquierdo y derecho). Acabado deportivo aerodinámico.</p><p><strong>Para qué sirve</strong></p><p>Sustituir los espejos originales de motos deportivas por una opción de perfil aerodinámico que no genera resistencia al viento y se integra visualmente con el carenado. El cristal convexo y el brazo ajustable permiten optimizar la visibilidad trasera.</p><p><strong>Cómo se instala</strong></p><p>Se instalan en los puntos de anclaje originales del carenado o manillar según el modelo. El brazo se ajusta al ángulo deseado antes de apretar el tornillo de fijación.</p>,Martinez Motos,Vehículos y recambios > Piezas y accesorios para vehículos > Piezas para vehículos motorizados > Espejos para vehículos motorizados,,Espejos,true,Title,Default Title,,,,,,,,2004-107,0.0,shopify,10,deny,manual,2290.00,,true,false,,,,,,https://cdn.shopify.com/s/files/1/0682/5771/0267/files/61smXIjw8YL._AC_SX466.jpg?v=1769384305,1,,false,Espejos Alerón Gaviota Motos Deportivas | Martínez Motos,Espejos alerón tipo gaviota para motos deportivas con carenado. Diseño fino y aerodinámico. Envío en Uruguay.,,,,,,,,,,,,,,kg,,495.00,active,,,,
espejos-aleron-para-motos-deportivas-espejos-gaviota-finos,,,,,,,,,,,,,,,,,,,,,,,,,,,,,,,,https://cdn.shopify.com/s/files/1/0682/5771/0267/files/1.jpg?v=1769384305,2,,,,,,,,,,,,,,,,,,,,,,,,,
espejos-aleron-para-motos-deportivas-espejos-gaviota-finos,,,,,,,,,,,,,,,,,,,,,,,,,,,,,,,,https://cdn.shopify.com/s/files/1/0682/5771/0267/files/3.jpg?v=1769384305,3,,,,,,,,,,,,,,,,,,,,,,,,,
espejos-aleron-para-motos-deportivas-espejos-gaviota-finos,,,,,,,,,,,,,,,,,,,,,,,,,,,,,,,,https://cdn.shopify.com/s/files/1/0682/5771/0267/files/4.jpg?v=1769384305,4,,,,,,,,,,,,,,,,,,,,,,,,,
espejos-aleron-para-motos-deportivas-espejos-gaviota-finos,,,,,,,,,,,,,,,,,,,,,,,,,,,,,,,,https://cdn.shopify.com/s/files/1/0682/5771/0267/files/5.jpg?v=1769384305,5,,,,,,,,,,,,,,,,,,,,,,,,,
espejos-aleron-para-motos-deportivas-espejos-gaviota-finos,,,,,,,,,,,,,,,,,,,,,,,,,,,,,,,,https://cdn.shopify.com/s/files/1/0682/5771/0267/files/8.jpg?v=1769383385,6,,,,,,,,,,,,,,,,,,,,,,,,,
punos-domino-para-moto-manubrio-goma-antideslizante,Puños Domino Para Moto Manubrio Goma Antideslizante,"<p>Puños estilo Domino fabricados en goma de alta densidad resistente al desgaste y rayos UV. Superficie antideslizante con textura ergonómica. Compatibles con manillares de 7/8'' (22mm) estándar. Disponibles en negro, rojo, azul y naranja.</p><p><strong>Para qué sirve</strong></p><p>Reemplazar los puños de fábrica por una opción de mayor agarre en condiciones húmedas o de uso prolongado. La goma de alta densidad reduce la transmisión de vibraciones y mejora el confort en viajes largos.</p><p><strong>Cómo se instala</strong></p><p>Se retiran los puños originales con ayuda de una palanca plástica. Los nuevos se deslizan con un poco de agua o alcohol isopropílico, que actúa como lubricante temporal. Una vez seco, quedan fijados por fricción.</p>",Martinez Motos,Vehículos y recambios > Piezas y accesorios para vehículos > Piezas para vehículos motorizados > Controles de vehículos motorizados,,Puños para motos,true,Color,Negro,,,,,,,,DOM00,0.0,shopify,10,deny,manual,450.00,,true,true,,,,,,https://cdn.shopify.com/s/files/1/0682/5771/0267/files/1715419647092-97654341ad69481c9adb06a2872ee356-goods.jpg?v=1769385066,1,,false,Puños Domino Para Moto Goma Antideslizante | Martínez Motos,Puños estilo Domino para moto en goma antideslizante. Agarre seguro y confort urbano. Envío a todo Uruguay.,,,,,,,,,,,,,https://cdn.shopify.com/s/files/1/0682/5771/0267/files/c96b5bf9-41a6-47ec-93d6-9919b0a08234.jpg?v=1769385066,kg,,117.20,active,,,,
punos-domino-para-moto-manubrio-goma-antideslizante,,,,,,,,,Rojo,,,,,,,,DOM01,0.0,shopify,10,deny,manual,450.00,,true,true,,,,,,https://cdn.shopify.com/s/files/1/0682/5771/0267/files/1715418644297-38d174ac2f7a48b4b409bbdc0bbe5751-goods.jpg?v=1769385066,2,,,,,,,,,,,,,,,,,https://cdn.shopify.com/s/files/1/0682/5771/0267/files/1715418650323-89fd54a2cdb44c7696d68ae0849d9eac-goods.jpg?v=1769385066,kg,,117.20,,,,,
punos-domino-para-moto-manubrio-goma-antideslizante,,,,,,,,,Azul,,,,,,,,DOM02,0.0,shopify,0,deny,manual,450.00,,true,true,,,,,,https://cdn.shopify.com/s/files/1/0682/5771/0267/files/1715419659067-78f892b1772942cfa8fc20b9ad4e6bcb-goods.jpg?v=1769385066,3,,,,,,,,,,,,,,,,,https://cdn.shopify.com/s/files/1/0682/5771/0267/files/1715418649085-fe886e6e51bf4f02a2105a7153b1af73-goods.jpg?v=1769385066,kg,,117.20,,,,,
punos-domino-para-moto-manubrio-goma-antideslizante,,,,,,,,,Naranja,,,,,,,,DOM03,0.0,shopify,5,deny,manual,450.00,,true,true,,,,,,https://cdn.shopify.com/s/files/1/0682/5771/0267/files/1715418649085-fe886e6e51bf4f02a2105a7153b1af73-goods.jpg?v=1769385066,4,,,,,,,,,,,,,,,,,https://cdn.shopify.com/s/files/1/0682/5771/0267/files/1715419659067-78f892b1772942cfa8fc20b9ad4e6bcb-goods.jpg?v=1769385066,kg,,117.20,,,,,
punos-domino-para-moto-manubrio-goma-antideslizante,,,,,,,,,Verde,,,,,,,,DOM04,0.0,shopify,5,deny,manual,450.00,,true,true,,,,,,https://http2.mlstatic.com/D_633959-MLU116857696548_092026-O.jpg,10,,,,,,,,,,,,,,,,,https://http2.mlstatic.com/D_633959-MLU116857696548_092026-O.jpg,kg,,117.20,,,,,
punos-domino-para-moto-manubrio-goma-antideslizante,,,,,,,,,,,,,,,,,,,,,,,,,,,,,,,,https://http2.mlstatic.com/D_720758-MLU118415085713_092026-O.jpg,11,,,,,,,,,,,,,,,,,,,,,,,,,
punos-domino-para-moto-manubrio-goma-antideslizante,,,,,,,,,,,,,,,,,,,,,,,,,,,,,,,,https://http2.mlstatic.com/D_649325-MLU116857403384_092026-O.jpg,12,,,,,,,,,,,,,,,,,,,,,,,,,
punos-domino-para-moto-manubrio-goma-antideslizante,,,,,,,,,,,,,,,,,,,,,,,,,,,,,,,,https://http2.mlstatic.com/D_849904-MLU116856670086_092026-O.jpg,13,,,,,,,,,,,,,,,,,,,,,,,,,
punos-domino-para-moto-manubrio-goma-antideslizante,,,,,,,,,,,,,,,,,,,,,,,,,,,,,,,,https://cdn.shopify.com/s/files/1/0682/5771/0267/files/1715418650323-89fd54a2cdb44c7696d68ae0849d9eac-goods.jpg?v=1769385066,5,,,,,,,,,,,,,,,,,,,,,,,,,
punos-domino-para-moto-manubrio-goma-antideslizante,,,,,,,,,,,,,,,,,,,,,,,,,,,,,,,,https://cdn.shopify.com/s/files/1/0682/5771/0267/files/c96b5bf9-41a6-47ec-93d6-9919b0a08234.jpg?v=1769385066,6,,,,,,,,,,,,,,,,,,,,,,,,,
punos-domino-para-moto-manubrio-goma-antideslizante,,,,,,,,,,,,,,,,,,,,,,,,,,,,,,,,https://cdn.shopify.com/s/files/1/0682/5771/0267/files/punos-domino-a01041c4240-negro-rojo.jpg?v=1769385066,7,,,,,,,,,,,,,,,,,,,,,,,,,
punos-domino-para-moto-manubrio-goma-antideslizante,,,,,,,,,,,,,,,,,,,,,,,,,,,,,,,,https://cdn.shopify.com/s/files/1/0682/5771/0267/files/punos-domino-a01041c4540-naranja.jpg?v=1769385066,8,,,,,,,,,,,,,,,,,,,,,,,,,
punos-domino-para-moto-manubrio-goma-antideslizante,,,,,,,,,,,,,,,,,,,,,,,,,,,,,,,,https://cdn.shopify.com/s/files/1/0682/5771/0267/files/1715418637147-00bf9729fb844ad1bb7c0d0f35d83733-goods.jpg?v=1769385066,9,,,,,,,,,,,,,,,,,,,,,,,,,
punos-universales-antideslizantes-con-contrapesos-anticaidas,Puños Universales Antideslizantes Con Contrapesos Anticaídas,"<p>Puños universales con superficie de goma antideslizante y contrapesos de aluminio integrados en los extremos. Compatibles con manillares de 7/8'' (22mm). Disponibles en negro, rojo y naranja. Función anticaídas incorporada en el diseño del contrapeso.</p><p><strong>Para qué sirve</strong></p><p>Los contrapesos en los extremos absorben las vibraciones del motor que se transmiten al manillar, reduciendo la fatiga en manos y brazos. En caso de caída, los contrapesos actúan como protectores de los controles al ser la primera superficie en contactar el suelo.</p><p><strong>Cómo se instala</strong></p><p>Se retiran los puños originales y se deslizan los nuevos con agua o alcohol isopropílico. Los contrapesos ya vienen integrados.</p>",Martinez Motos,Vehículos y recambios > Piezas y accesorios para vehículos > Piezas para vehículos motorizados > Piezas de bastidor y carrocería para vehículos motorizados,,Puños para motos,true,Color,Negro,,,,,,,,PUNBLACK,0.0,shopify,22,deny,manual,990.00,,true,true,,,,,,https://cdn.shopify.com/s/files/1/0682/5771/0267/files/a9e21b8ed60646fe8377194d82930877-goods.jpg?v=1769385192,1,,false,Puños Antideslizantes Con Contrapesos Moto | Martínez Motos,Puños universales antideslizantes con contrapesos anticaídas para moto. Reducen vibraciones. Envío a todo Uruguay.,,,,,,,,,,,,,https://cdn.shopify.com/s/files/1/0682/5771/0267/files/ceb8e0274f7a465485f12b9853f227d1-goods.jpg?v=1769385192,kg,,115.20,active,,,,
punos-universales-antideslizantes-con-contrapesos-anticaidas,,,,,,,,,Rojo,,,,,,,,PUNRED,0.0,shopify,0,deny,manual,990.00,,true,true,,,,,,https://cdn.shopify.com/s/files/1/0682/5771/0267/files/f730dea56e954b70a868952d4f64cdb1-goods.jpg?v=1769385192,2,,,,,,,,,,,,,,,,,https://cdn.shopify.com/s/files/1/0682/5771/0267/files/01733ba93b974985bd4104d7385fc5e5-goods.jpg?v=1769385192,kg,,115.20,,,,,
punos-universales-antideslizantes-con-contrapesos-anticaidas,,,,,,,,,Naranja,,,,,,,,PUNORGANG,0.0,shopify,1,deny,manual,990.00,,true,true,,,,,,https://cdn.shopify.com/s/files/1/0682/5771/0267/files/61IuVzm8N2L._AC_SL1001.jpg?v=1769385192,3,,,,,,,,,,,,,,,,,https://cdn.shopify.com/s/files/1/0682/5771/0267/files/61IuVzm8N2L._AC_SL1001.jpg?v=1769385192,kg,,115.20,,,,,
punos-universales-antideslizantes-con-contrapesos-anticaidas,,,,,,,,,Dorado,,,,,,,,PUNYELLOW,0.0,shopify,5,deny,manual,990.00,,true,true,,,,,,https://http2.mlstatic.com/D_759800-MLU118416535763_092026-O.jpg,9,,,,,,,,,,,,,,,,,https://http2.mlstatic.com/D_759800-MLU118416535763_092026-O.jpg,kg,,180.00,,,,,
punos-universales-antideslizantes-con-contrapesos-anticaidas,,,,,,,,,,,,,,,,,,,,,,,,,,,,,,,,https://http2.mlstatic.com/D_643762-MLU118415915825_092026-O.jpg,10,,,,,,,,,,,,,,,,,,,,,,,,,
punos-universales-antideslizantes-con-contrapesos-anticaidas,,,,,,,,,,,,,,,,,,,,,,,,,,,,,,,,https://http2.mlstatic.com/D_846086-MLU116856912686_092026-O.jpg,11,,,,,,,,,,,,,,,,,,,,,,,,,
punos-universales-antideslizantes-con-contrapesos-anticaidas,,,,,,,,,,,,,,,,,,,,,,,,,,,,,,,,https://http2.mlstatic.com/D_767606-MLU118415915829_092026-O.jpg,12,,,,,,,,,,,,,,,,,,,,,,,,,
punos-universales-antideslizantes-con-contrapesos-anticaidas,,,,,,,,,,,,,,,,,,,,,,,,,,,,,,,,https://http2.mlstatic.com/D_636911-MLU116857293462_092026-O.jpg,13,,,,,,,,,,,,,,,,,,,,,,,,,
punos-universales-antideslizantes-con-contrapesos-anticaidas,,,,,,,,,,,,,,,,,,,,,,,,,,,,,,,,https://cdn.shopify.com/s/files/1/0682/5771/0267/files/ceb8e0274f7a465485f12b9853f227d1-goods.jpg?v=1769385192,4,,,,,,,,,,,,,,,,,,,,,,,,,
punos-universales-antideslizantes-con-contrapesos-anticaidas,,,,,,,,,,,,,,,,,,,,,,,,,,,,,,,,https://cdn.shopify.com/s/files/1/0682/5771/0267/files/e890260e-b971-4bd5-97f9-ae87c6456421.jpg?v=1769385192,5,,,,,,,,,,,,,,,,,,,,,,,,,
punos-universales-antideslizantes-con-contrapesos-anticaidas,,,,,,,,,,,,,,,,,,,,,,,,,,,,,,,,https://cdn.shopify.com/s/files/1/0682/5771/0267/files/01733ba93b974985bd4104d7385fc5e5-goods.jpg?v=1769385192,6,,,,,,,,,,,,,,,,,,,,,,,,,
punos-universales-antideslizantes-con-contrapesos-anticaidas,,,,,,,,,,,,,,,,,,,,,,,,,,,,,,,,https://cdn.shopify.com/s/files/1/0682/5771/0267/files/78f20420-42cb-4c61-9f63-deb99ec0c35c.jpg?v=1769385192,7,,,,,,,,,,,,,,,,,,,,,,,,,
punos-universales-antideslizantes-con-contrapesos-anticaidas,,,,,,,,,,,,,,,,,,,,,,,,,,,,,,,,https://cdn.shopify.com/s/files/1/0682/5771/0267/files/727c99ddba2f4ef4a2faf956f37ae9ab-goods.jpg?v=1769385192,8,,,,,,,,,,,,,,,,,,,,,,,,,
espejos-moto-tipo-aleron-grande-aluminio-universal,Espejos Moto Tipo Aleron Grande Aluminio Universal,"<p>Espejos retrovisores tipo alerón grande fabricados en aluminio de alta resistencia. Diseño universal compatible con manillares de 7/8'' (22mm). Ideales para motos naked, scrambler, custom y tracker sin carenado. Se venden en par con espejo izquierdo y derecho.</p><p><strong>Para qué sirve</strong></p><p>Reemplazar los espejos originales por una opción de mayor superficie de visión trasera con un diseño deportivo y robusto. El formato alerón ofrece mejor visibilidad en posición de conducción erguida.</p><p><strong>Cómo se instala</strong></p><p>Se retiran los espejos originales del soporte (rosca estándar) y se colocan los nuevos en su lugar.</p>",Martinez Motos,Vehículos y recambios > Piezas y accesorios para vehículos > Piezas para vehículos motorizados > Espejos para vehículos motorizados,,"Accesorios para Vehículos, Espejos, Repuestos Motos y Cuatriciclos",true,Title,Default Title,,,,,,,,HSJ-20121,0.0,shopify,27,deny,manual,1690.00,,true,true,,,,,,https://cdn.shopify.com/s/files/1/0682/5771/0267/files/5f0d0e9b-b88c-499e-bf53-4c55bb73a173.webp?v=1769384837,1,,false,Espejos Tipo Alerón Grande Aluminio Moto | Martínez Motos,Espejos tipo alerón grande en aluminio para motos sin carenado. Diseño deportivo y resistente. Envío en Uruguay.,,black,,new,,,,aftermarket,,adjustable,wide-angle,side-view,,kg,,340.00,active,,,,
espejos-moto-tipo-aleron-grande-aluminio-universal,,,,,,,,,,,,,,,,,,,,,,,,,,,,,,,,https://cdn.shopify.com/s/files/1/0682/5771/0267/files/D_NQ_NP_2X_802105-MLU93937847831_102025-F.webp?v=1769384837,2,,,,,,,,,,,,,,,,,,,,,,,,,
espejos-moto-tipo-aleron-grande-aluminio-universal,,,,,,,,,,,,,,,,,,,,,,,,,,,,,,,,https://cdn.shopify.com/s/files/1/0682/5771/0267/files/D_NQ_NP_2X_738639-MLU93937916833_102025-F.webp?v=1769384837,3,,,,,,,,,,,,,,,,,,,,,,,,,
espejos-moto-tipo-aleron-grande-aluminio-universal,,,,,,,,,,,,,,,,,,,,,,,,,,,,,,,,https://cdn.shopify.com/s/files/1/0682/5771/0267/files/D_NQ_NP_2X_647487-MLU93937788643_102025-F.webp?v=1769384837,4,,,,,,,,,,,,,,,,,,,,,,,,,
espejos-moto-tipo-aleron-grande-aluminio-universal,,,,,,,,,,,,,,,,,,,,,,,,,,,,,,,,https://cdn.shopify.com/s/files/1/0682/5771/0267/files/D_NQ_NP_2X_754573-MLU93938044751_102025-F.webp?v=1769384837,5,,,,,,,,,,,,,,,,,,,,,,,,,
espejos-moto-tipo-aleron-grande-aluminio-universal,,,,,,,,,,,,,,,,,,,,,,,,,,,,,,,,https://cdn.shopify.com/s/files/1/0682/5771/0267/files/D_NQ_NP_2X_602693-MLU93937778735_102025-F.webp?v=1769384837,6,,,,,,,,,,,,,,,,,,,,,,,,,
porta-matricula-rebatible-placa-patente-moto-rebatible-y-luz,Porta Matricula Rebatible Placa Patente Moto Rebatible,"<p>Porta matrícula rebatible con mecanismo plegable de accionamiento manual. Material resistente a la intemperie. Incluye kit completo de tornillos y soportes de montaje. Compatible con la mayoría de motos y cuatriciclos.</p><p><strong>Para qué sirve</strong></p><p>Actualizar el soporte de patente original por un diseño de mayor presencia visual con capacidad de reclinar la matrícula. Muy usado en motos personalizadas por su look deportivo y su practicidad.</p><p><strong>Cómo se instala</strong></p><p>Se instala retirando el soporte original e instalando el nuevo con el kit de tornillos incluido. Si incluye luz, se conectan los cables al circuito de luz trasera de la moto.</p>",Martinez Motos,"Vehículos y recambios > Piezas y accesorios para vehículos > Mantenimiento, cuidado y decoración de vehículos > Decoración de vehículos > Monturas y soportes para placas de matrícula de vehículos",,"Accesorios para Vehículos, Chasis, Porta Matrículas, Repuestos Motos y Cuatriciclos",true,Title,Default Title,,,,,,,,CPJ-62001,0.0,shopify,10,deny,manual,1290.00,,true,true,,,,,,https://cdn.shopify.com/s/files/1/0682/5771/0267/files/D_NQ_2X_740042-MLU107181782734_022026-B.webp?v=1772466435,1,,false,Porta Matrícula Rebatible Para Moto | Martínez Motos,"Porta matrícula rebatible para moto. Plegable, compacto y fácil de instalar. Envío a todo Uruguay.",,,,,,,,,,,,,,kg,,400.00,active,,,,
porta-matricula-rebatible-placa-patente-moto-rebatible-y-luz,,,,,,,,,,,,,,,,,,,,,,,,,,,,,,,,https://cdn.shopify.com/s/files/1/0682/5771/0267/files/D_NQ_2X_762165-MLU107879121643_022026-T.webp?v=1772466435,2,,,,,,,,,,,,,,,,,,,,,,,,,
porta-matricula-rebatible-placa-patente-moto-rebatible-y-luz,,,,,,,,,,,,,,,,,,,,,,,,,,,,,,,,https://cdn.shopify.com/s/files/1/0682/5771/0267/files/Porta-Patente-Rebatible-Con-Luz-Led-5_f0b28ac6-e725-4216-bdac-fac3be0aa827.webp?v=1772466435,3,,,,,,,,,,,,,,,,,,,,,,,,,
porta-matricula-rebatible-placa-patente-moto-rebatible-y-luz,,,,,,,,,,,,,,,,,,,,,,,,,,,,,,,,https://cdn.shopify.com/s/files/1/0682/5771/0267/files/Porta-Patente-Rebatible-Con-Luz-Led-7_3c150f1e-4a8e-4671-a752-1ddaf2a520a8.webp?v=1772466435,4,,,,,,,,,,,,,,,,,,,,,,,,,
porta-matricula-rebatible-placa-patente-moto-rebatible-y-luz,,,,,,,,,,,,,,,,,,,,,,,,,,,,,,,,https://cdn.shopify.com/s/files/1/0682/5771/0267/files/LCFJ-01FP_2_jpg.webp?v=1772466421,5,,,,,,,,,,,,,,,,,,,,,,,,,
baul-trasero-moto-45l-pp-alta-resistencia-universal-con-llave,Baúl Trasero Moto 45L PP Alta Resistencia Universal Con Llave,"<p>¿Qué es?<br>Baúl trasero para moto de 45 litros fabricado en polipropileno (PP) de alta resistencia a impactos. Mide 45 cm de ancho × 35 cm de profundidad × 32 cm de alto. Incluye cerradura con llave, llave extra, respaldo acolchado para el acompañante, soporte para la parrilla y toda la tornillería de instalación universal.</p>
<p>¿Para qué sirve?<br>Transportar carga de verdad arriba de la moto: entran hasta dos cascos integrales, mochilas, herramientas o mercadería. La estructura reforzada aguanta el uso intensivo diario, así que es la opción indicada para delivery, mensajería y viajes largos. La cerradura mantiene el contenido seguro cuando dejás la moto estacionada.</p>
<p>¿Cómo se instala?<br>Se monta sobre la parrilla trasera con el soporte y la tornillería que vienen en la caja. La base es universal y entra en la mayoría de las parrillas del mercado. Viene ya armado, listo para fijar. Tiempo estimado: 20 minutos con herramientas básicas.</p>",Martinez Motos,Vehículos y recambios > Piezas y accesorios para vehículos > Piezas para vehículos motorizados > Piezas de bastidor y carrocería para vehículos motorizados,Baúl,"Accesorios para Vehículos, Baúles, Repuestos Motos y Cuatriciclos",true,Title,Default Title,,,,,,,,AP-TAILBOXSQ,0.0,shopify,3,deny,manual,3990.00,,true,true,,,,,,https://http2.mlstatic.com/D_980115-MLU115793987491_082026-O.jpg,1,,false,Baúl Trasero Moto 45L Con Llave Universal | Martínez Motos,"Baúl trasero para moto de 45 litros en polipropileno reforzado, con cerradura y llave. Entran hasta 2 cascos integrales. Envío a todo Uruguay.",,,,,,,,,,,,,https://http2.mlstatic.com/D_980115-MLU115793987491_082026-O.jpg,kg,,948.00,active,,,,
baul-trasero-moto-45l-pp-alta-resistencia-universal-con-llave,,,,,,,,,,,,,,,,,,,,,,,,,,,,,,,,https://http2.mlstatic.com/D_629179-MLU115793987215_082026-O.jpg,2,,,,,,,,,,,,,,,,,,,,,,,,,
baul-trasero-moto-45l-pp-alta-resistencia-universal-con-llave,,,,,,,,,,,,,,,,,,,,,,,,,,,,,,,,https://http2.mlstatic.com/D_929499-MLU114444759578_082026-O.jpg,3,,,,,,,,,,,,,,,,,,,,,,,,,
baul-trasero-moto-45l-pp-alta-resistencia-universal-con-llave,,,,,,,,,,,,,,,,,,,,,,,,,,,,,,,,https://http2.mlstatic.com/D_911459-MLU115794165317_082026-O.jpg,4,,,,,,,,,,,,,,,,,,,,,,,,,
baul-trasero-moto-45l-pp-alta-resistencia-universal-con-llave,,,,,,,,,,,,,,,,,,,,,,,,,,,,,,,,https://http2.mlstatic.com/D_603503-MLU114444524466_082026-O.jpg,5,,,,,,,,,,,,,,,,,,,,,,,,,
baul-trasero-moto-45l-pp-alta-resistencia-universal-con-llave,,,,,,,,,,,,,,,,,,,,,,,,,,,,,,,,https://http2.mlstatic.com/D_986477-MLU114445022284_082026-O.jpg,6,,,,,,,,,,,,,,,,,,,,,,,,,
baul-trasero-moto-28l-abs-clasico-seguro-universal-con-llave,Baúl Trasero Moto 28L ABS Clásico Seguro Universal Con Llave,"<p>¿Qué es?<br>Baúl trasero para moto de 28 litros en plástico ABS resistente a impactos y a los rayos UV, con el diseño clásico que combina con cualquier modelo. Incluye cerradura con llave, respaldo acolchado para el acompañante, kit de fijación y manual de instalación.</p>
<p>¿Para qué sirve?<br>Sumar lugar para guardar sin perder comodidad al viajar: entra un casco integral, documentación, herramientas o las compras del día. El cierre con llave protege lo que dejás adentro mientras estás lejos de la moto. Es una de las opciones más elegidas para uso urbano, delivery y viajes cortos.</p>
<p>¿Cómo se instala?<br>Se fija sobre la parrilla trasera con el kit incluido. La base es universal y se adapta a la gran mayoría de las motos con parrilla estándar. Tiempo estimado: 20 minutos con herramientas básicas.</p>",Martinez Motos,Vehículos y recambios > Piezas y accesorios para vehículos > Piezas para vehículos motorizados > Piezas de bastidor y carrocería para vehículos motorizados,Baúl,"Accesorios para Vehículos, Baúles, Repuestos Motos y Cuatriciclos",true,Title,Default Title,,,,,,,,AP-TAILBOXLED,0.0,shopify,0,deny,manual,1750.00,,true,true,,,,,,https://http2.mlstatic.com/D_978649-MLU115795076971_082026-O.jpg,1,,false,Baúl Trasero Moto 28L ABS Con Llave | Martínez Motos,"Baúl trasero para moto de 28 litros en ABS de alta resistencia, con cerradura y llave. Entra un casco integral. Envío a todo Uruguay.",,,,,,,,,,,,,https://http2.mlstatic.com/D_978649-MLU115795076971_082026-O.jpg,kg,,800.00,active,,,,
baul-trasero-moto-28l-abs-clasico-seguro-universal-con-llave,,,,,,,,,,,,,,,,,,,,,,,,,,,,,,,,https://http2.mlstatic.com/D_665805-MLU114444644392_082026-O.jpg,2,,,,,,,,,,,,,,,,,,,,,,,,,
baul-trasero-moto-28l-abs-clasico-seguro-universal-con-llave,,,,,,,,,,,,,,,,,,,,,,,,,,,,,,,,https://http2.mlstatic.com/D_992098-MLU114444994894_082026-O.jpg,3,,,,,,,,,,,,,,,,,,,,,,,,,
baul-trasero-moto-28l-abs-clasico-seguro-universal-con-llave,,,,,,,,,,,,,,,,,,,,,,,,,,,,,,,,https://http2.mlstatic.com/D_950541-MLU115794168049_082026-O.jpg,4,,,,,,,,,,,,,,,,,,,,,,,,,
baul-trasero-moto-28l-abs-clasico-seguro-universal-con-llave,,,,,,,,,,,,,,,,,,,,,,,,,,,,,,,,https://http2.mlstatic.com/D_729319-MLU115794846945_082026-O.jpg,5,,,,,,,,,,,,,,,,,,,,,,,,,
baul-trasero-moto-28l-abs-clasico-seguro-universal-con-llave,,,,,,,,,,,,,,,,,,,,,,,,,,,,,,,,https://http2.mlstatic.com/D_779860-MLU115793990243_082026-O.jpg,6,,,,,,,,,,,,,,,,,,,,,,,,,
baul-trasero-moto-28l-abs-clasico-seguro-universal-con-llave,,,,,,,,,,,,,,,,,,,,,,,,,,,,,,,,https://http2.mlstatic.com/D_632880-MLU114445201492_082026-O.jpg,7,,,,,,,,,,,,,,,,,,,,,,,,,
escape-yoshimura-fibra-carbono-universal-moto-deportivo-51mm,Escape Yoshimura Fibra Carbono Universal Moto Deportivo 51mm,"<p>¿Qué es?<br>Escape estilo Yoshimura con cuerpo en fibra de carbono y salida en acero/aluminio. Boca de 51 mm, terminación en fibra a la vista y alta resistencia térmica. Diseño universal de línea deportiva racing.</p>
<p>¿Para qué sirve?<br>Darle a la moto sonido y estética deportiva: entrega un sonido más grave y deportivo que el escape de fábrica y reduce peso respecto al sistema original. El salto estético es inmediato en cualquier moto deportiva o naked.</p>
<p>¿Cómo se instala?<br>Se monta en el lugar del silenciador original. Requiere adaptador o kit de fijación según el modelo de moto: verificá el diámetro de salida de tu caño antes de comprar. Se recomienda instalación con herramientas básicas o en taller.</p>",Martinez Motos,Vehículos y recambios > Piezas y accesorios para vehículos > Piezas para vehículos motorizados > Tubos de escape para vehículos motorizados,Escape,"Accesorios para Vehículos, Chasis, Escapes",true,Title,Default Title,,,,,,,,AP-YOSHIMURA01,0.0,shopify,3,deny,manual,5890.00,,true,true,,,,,,https://http2.mlstatic.com/D_796724-MLU114265312972_082026-O.jpg,1,,false,Escape Yoshimura Fibra Carbono 51mm Moto | Martínez Motos,"Escape estilo Yoshimura en fibra de carbono, boca de 51mm, universal para moto deportiva y naked. Sonido más grave. Envío a todo Uruguay.",,,,,,,,,,,,,https://http2.mlstatic.com/D_796724-MLU114265312972_082026-O.jpg,kg,,2556.00,active,,,,
escape-yoshimura-fibra-carbono-universal-moto-deportivo-51mm,,,,,,,,,,,,,,,,,,,,,,,,,,,,,,,,https://http2.mlstatic.com/D_738402-MLU114264720374_082026-O.jpg,2,,,,,,,,,,,,,,,,,,,,,,,,,
escape-yoshimura-fibra-carbono-universal-moto-deportivo-51mm,,,,,,,,,,,,,,,,,,,,,,,,,,,,,,,,https://http2.mlstatic.com/D_777203-MLU114264630744_082026-O.jpg,3,,,,,,,,,,,,,,,,,,,,,,,,,
escape-yoshimura-fibra-carbono-universal-moto-deportivo-51mm,,,,,,,,,,,,,,,,,,,,,,,,,,,,,,,,https://http2.mlstatic.com/D_991794-MLU114264365782_082026-O.jpg,4,,,,,,,,,,,,,,,,,,,,,,,,,
escape-sc-project-boca-inclinada-51mm-negro-universal-moto,Escape SC Project Boca Inclinada 51mm Negro Universal Moto,"<p>¿Qué es?<br>Escape estilo SC Project con diseño de boca inclinada (slant cut) y terminación full black. Cuerpo en acero inoxidable con acabado resistente al calor y a la corrosión. Boca de 51 mm. Medidas aproximadas: 300 mm de largo total × 180 mm de cuerpo × 85 mm de diámetro externo.</p>
<p>¿Para qué sirve?<br>Un cambio estético directo y agresivo, más una mejora de sonido respecto al escape original. La terminación en negro mate combina con motos deportivas, naked y street sin quedar estridente.</p>
<p>¿Cómo se instala?<br>Se instala en el lugar del silenciador original mediante el sistema de fijación correspondiente a tu moto. Instalación sencilla con herramientas básicas: verificá antes el diámetro de salida del caño de tu moto.</p>",Martinez Motos,Vehículos y recambios > Piezas y accesorios para vehículos > Piezas para vehículos motorizados > Tubos de escape para vehículos motorizados,Escape,"Accesorios para Vehículos, Chasis, Escapes",true,Title,Default Title,,,,,,,,AP-SLANTED01,0.0,shopify,0,deny,manual,2590.00,,true,true,,,,,,https://http2.mlstatic.com/D_644695-MLU114265995786_082026-O.jpg,1,,false,Escape SC Project Boca Inclinada 51mm Negro | Martínez Motos,"Escape estilo SC Project boca inclinada, terminación full black y boca de 51mm. Universal para moto deportiva, naked y street.",,,,,,,,,,,,,https://http2.mlstatic.com/D_644695-MLU114265995786_082026-O.jpg,kg,,1107.00,active,,,,
escape-sc-project-boca-inclinada-51mm-negro-universal-moto,,,,,,,,,,,,,,,,,,,,,,,,,,,,,,,,https://http2.mlstatic.com/D_636066-MLU114264720710_082026-O.jpg,2,,,,,,,,,,,,,,,,,,,,,,,,,
escape-sc-project-boca-inclinada-51mm-negro-universal-moto,,,,,,,,,,,,,,,,,,,,,,,,,,,,,,,,https://http2.mlstatic.com/D_843827-MLU115602453343_082026-O.jpg,3,,,,,,,,,,,,,,,,,,,,,,,,,
escape-sc-project-boca-inclinada-51mm-negro-universal-moto,,,,,,,,,,,,,,,,,,,,,,,,,,,,,,,,https://http2.mlstatic.com/D_744138-MLU114264366124_082026-O.jpg,4,,,,,,,,,,,,,,,,,,,,,,,,,
escape-sc-project-boca-inclinada-51mm-negro-universal-moto,,,,,,,,,,,,,,,,,,,,,,,,,,,,,,,,https://http2.mlstatic.com/D_664235-MLU114265995798_082026-O.jpg,5,,,,,,,,,,,,,,,,,,,,,,,,,
escape-sc-project-boca-inclinada-51mm-negro-universal-moto,,,,,,,,,,,,,,,,,,,,,,,,,,,,,,,,https://http2.mlstatic.com/D_776510-MLU114264572048_082026-O.jpg,6,,,,,,,,,,,,,,,,,,,,,,,,,
espejos-retrovisores-de-manubrio-para-moto-22-mm,Espejos Retrovisores De Manubrio Para Moto 22 Mm,"<p>¿Qué es?<br>Par de espejos retrovisores circulares de puño para montar en el manubrio, en la medida universal de 7/8 de pulgada (22 mm), la más usada en motos de calle, motos chicas y utilitarias. Vienen izquierdo y derecho, con acabado de superficie mate. Diseño circular clásico, prolijo y discreto.</p>
<p>¿Para qué sirve?<br>Cambiar los espejos originales por algo más simple y limpio sin perder visibilidad. Son ajustables: podés girar el brazo y el espejo hasta encontrar el ángulo que mejor te deje ver lo que viene atrás. El acabado mate evita reflejos molestos con el sol de frente.</p>
<p>¿Cómo se instala?<br>Se montan directamente en el manubrio. Antes de comprar medí el diámetro del manubrio en la zona donde van montados y confirmá que trabaje en 7/8 de pulgada (22 mm). Tiempo estimado: 10 minutos con herramientas básicas.</p>",Martinez Motos,Vehículos y recambios > Piezas y accesorios para vehículos > Piezas para vehículos motorizados > Espejos para vehículos motorizados,Espejos,"Accesorios para Vehículos, Espejos, Repuestos Motos y Cuatriciclos",true,Title,Default Title,,,,,,,,ESP-CIR-001,0.0,shopify,6,deny,manual,1090.00,,true,true,,,,,,https://http2.mlstatic.com/D_791938-MLU117579603487_092026-O.jpg,1,,false,Espejos Retrovisores De Manubrio Moto 22mm | Martínez Motos,"Par de espejos retrovisores circulares de puño para manubrio de moto 7/8 (22 mm). Ajustables, acabado mate. Envío a todo Uruguay.",,,,,,,,,,,,,https://http2.mlstatic.com/D_791938-MLU117579603487_092026-O.jpg,kg,,334.00,active,,,,
espejos-retrovisores-de-manubrio-para-moto-22-mm,,,,,,,,,,,,,,,,,,,,,,,,,,,,,,,,https://http2.mlstatic.com/D_696893-MLU116098455802_092026-O.jpg,2,,,,,,,,,,,,,,,,,,,,,,,,,
espejos-retrovisores-de-manubrio-para-moto-22-mm,,,,,,,,,,,,,,,,,,,,,,,,,,,,,,,,https://http2.mlstatic.com/D_839802-MLU116098012882_092026-O.jpg,3,,,,,,,,,,,,,,,,,,,,,,,,,
espejos-retrovisores-de-manubrio-para-moto-22-mm,,,,,,,,,,,,,,,,,,,,,,,,,,,,,,,,https://http2.mlstatic.com/D_933874-MLU116098485042_092026-O.jpg,4,,,,,,,,,,,,,,,,,,,,,,,,,
espejos-retrovisores-de-manubrio-para-moto-22-mm,,,,,,,,,,,,,,,,,,,,,,,,,,,,,,,,https://http2.mlstatic.com/D_881658-MLU116097724018_092026-O.jpg,5,,,,,,,,,,,,,,,,,,,,,,,,,
espejos-retrovisores-de-manubrio-para-moto-22-mm,,,,,,,,,,,,,,,,,,,,,,,,,,,,,,,,https://http2.mlstatic.com/D_963036-MLU117579868377_092026-O.jpg,6,,,,,,,,,,,,,,,,,,,,,,,,,
manillar-para-moto-custom-chopper-en-acero-cromado-y-negro,Manillar Para Moto Custom Chopper En Acero Cromado Y Negro,"<p>¿Qué es?<br>Manillar alto estilo custom chopper fabricado en acero, de 70 cm de ancho y 2,5 cm de diámetro de tubo (7/8 de pulgada, 22 mm). Disponible en dos terminaciones: negro mate y cromado plateado. Diseño ergonómico pensado para mejorar el agarre y el control.</p>
<p>¿Para qué sirve?<br>Cambiar la postura de manejo y la imagen de la moto: la posición más alta y abierta del manillar custom descansa los hombros en ciudad y le da a la moto un aire clásico y personalizado. También sirve para reemplazar un manubrio golpeado o torcido.</p>
<p>¿Cómo se instala?<br>Se reemplaza el manillar original aflojando los soportes del tubo superior. Antes de comprar medí el diámetro del manubrio que tenés en la zona de los puños y los mandos: si es de 22 mm, este modelo te va. Verificá también que los cables y el cableado de los mandos tengan largo suficiente para la nueva posición. Se entrega sin puños, espejos ni mandos.</p>",Martinez Motos,Vehículos y recambios > Piezas y accesorios para vehículos > Piezas para vehículos motorizados > Controles de vehículos motorizados,Manillar,"Chasis, Puños y Manillares, Repuestos Motos y Cuatriciclos",true,Color,Negro,,,,,,,,MAN-78-V2-NEG-001,0.0,shopify,5,deny,manual,690.00,,true,true,,,,,,https://http2.mlstatic.com/D_793869-MLU116100822324_092026-O.jpg,1,,false,Manillar Custom Chopper Acero Moto 22mm | Martínez Motos,"Manillar alto estilo custom chopper en acero, 70 cm de ancho, universal 7/8 (22 mm). Disponible en negro y plateado.",,,,,,,,,,,,,https://http2.mlstatic.com/D_793869-MLU116100822324_092026-O.jpg,kg,,237.00,active,,,,
manillar-para-moto-custom-chopper-en-acero-cromado-y-negro,,,,,,,,,Plateado,,,,,,,,MAN-78-V2-PLA-001,0.0,shopify,5,deny,manual,690.00,,true,true,,,,,,https://http2.mlstatic.com/D_698768-MLU116101787356_092026-O.jpg,2,,,,,,,,,,,,,,,,,https://http2.mlstatic.com/D_873281-MLU116101057018_092026-O.jpg,kg,,237.00,,,,,
manillar-para-moto-custom-chopper-en-acero-cromado-y-negro,,,,,,,,,,,,,,,,,,,,,,,,,,,,,,,,https://http2.mlstatic.com/D_867071-MLU117583766657_092026-O.jpg,3,,,,,,,,,,,,,,,,,,,,,,,,,
manillar-para-moto-custom-chopper-en-acero-cromado-y-negro,,,,,,,,,,,,,,,,,,,,,,,,,,,,,,,,https://http2.mlstatic.com/D_957551-MLU117583766659_092026-O.jpg,4,,,,,,,,,,,,,,,,,,,,,,,,,
manillar-para-moto-custom-chopper-en-acero-cromado-y-negro,,,,,,,,,,,,,,,,,,,,,,,,,,,,,,,,https://http2.mlstatic.com/D_624092-MLU117583406791_092026-O.jpg,5,,,,,,,,,,,,,,,,,,,,,,,,,
manillar-para-moto-custom-chopper-en-acero-cromado-y-negro,,,,,,,,,,,,,,,,,,,,,,,,,,,,,,,,https://http2.mlstatic.com/D_698277-MLU116100822320_092026-O.jpg,6,,,,,,,,,,,,,,,,,,,,,,,,,
manillar-para-moto-custom-chopper-en-acero-cromado-y-negro,,,,,,,,,,,,,,,,,,,,,,,,,,,,,,,,https://http2.mlstatic.com/D_873281-MLU116101057018_092026-O.jpg,7,,,,,,,,,,,,,,,,,,,,,,,,,
manillar-para-moto-custom-chopper-en-acero-cromado-y-negro,,,,,,,,,,,,,,,,,,,,,,,,,,,,,,,,https://http2.mlstatic.com/D_745881-MLU116100733946_092026-O.jpg,8,,,,,,,,,,,,,,,,,,,,,,,,,
manillar-para-moto-custom-chopper-en-acero-cromado-y-negro,,,,,,,,,,,,,,,,,,,,,,,,,,,,,,,,https://http2.mlstatic.com/D_628926-MLU116101785168_092026-O.jpg,9,,,,,,,,,,,,,,,,,,,,,,,,,
manillar-para-moto-custom-chopper-en-acero-cromado-y-negro,,,,,,,,,,,,,,,,,,,,,,,,,,,,,,,,https://http2.mlstatic.com/D_801257-MLU117583032259_092026-O.jpg,10,,,,,,,,,,,,,,,,,,,,,,,,,
manillar-para-moto-custom-chopper-en-acero-cromado-y-negro,,,,,,,,,,,,,,,,,,,,,,,,,,,,,,,,https://http2.mlstatic.com/D_661370-MLU117583035213_092026-O.jpg,11,,,,,,,,,,,,,,,,,,,,,,,,,
manillar-para-moto-custom-chopper-en-acero-cromado-y-negro,,,,,,,,,,,,,,,,,,,,,,,,,,,,,,,,https://http2.mlstatic.com/D_834024-MLU117583414143_092026-O.jpg,12,,,,,,,,,,,,,,,,,,,,,,,,,
manillar-cafe-racer-universal-7-8-22mm-recto-negro,Manillar Café Racer Universal 7/8 22mm Recto Negro,"<p>¿Qué es?<br>Manillar recto universal de 22 mm (7/8 de pulgada) fabricado en aluminio, liviano y con buena rigidez para el uso diario. Terminación en negro, que combina con puños, espejos y controles oscuros.</p>
<p>¿Para qué sirve?<br>Ganar una posición de manejo más baja y deportiva, estilo café racer, sin modificar la moto. También sirve para reemplazar un manubrio golpeado o torcido, o para darle a la moto una estética más despojada y prolija.</p>
<p>¿Cómo se instala?<br>Se reemplaza el manillar original aflojando los soportes del tubo superior. Antes de comprar medí el diámetro del manubrio en la zona de los puños y de los mandos: tiene que ser de 22 mm. Verificá también que los cables y el cableado de los mandos tengan largo suficiente para la nueva posición. Se entrega sin puños, espejos ni mandos.</p>",Martinez Motos,Vehículos y recambios > Piezas y accesorios para vehículos > Piezas para vehículos motorizados > Controles de vehículos motorizados,Manillar,"Chasis, Puños y Manillares, Repuestos Motos y Cuatriciclos",true,Title,Default Title,,,,,,,,MAN-78-V3-NEG-001,0.0,shopify,5,deny,manual,890.00,,true,true,,,,,,https://http2.mlstatic.com/D_772232-MLU117582405873_092026-O.jpg,1,,false,Manillar Café Racer Recto Aluminio 22mm | Martínez Motos,Manillar café racer universal 7/8 (22 mm) recto en aluminio negro. Posición de manejo más baja y deportiva. Envío a todo Uruguay.,,,,,,,,,,,,,https://http2.mlstatic.com/D_772232-MLU117582405873_092026-O.jpg,kg,,263.00,active,,,,
manillar-cafe-racer-universal-7-8-22mm-recto-negro,,,,,,,,,,,,,,,,,,,,,,,,,,,,,,,,https://http2.mlstatic.com/D_810622-MLU117582405897_092026-O.jpg,2,,,,,,,,,,,,,,,,,,,,,,,,,
manillar-cafe-racer-universal-7-8-22mm-recto-negro,,,,,,,,,,,,,,,,,,,,,,,,,,,,,,,,https://http2.mlstatic.com/D_638693-MLU117583020857_092026-O.jpg,3,,,,,,,,,,,,,,,,,,,,,,,,,
manillar-cafe-racer-universal-7-8-22mm-recto-negro,,,,,,,,,,,,,,,,,,,,,,,,,,,,,,,,https://http2.mlstatic.com/D_929192-MLU116101044982_092026-O.jpg,4,,,,,,,,,,,,,,,,,,,,,,,,,
manillar-cafe-racer-universal-7-8-22mm-recto-negro,,,,,,,,,,,,,,,,,,,,,,,,,,,,,,,,https://http2.mlstatic.com/D_976777-MLU116100488818_092026-O.jpg,5,,,,,,,,,,,,,,,,,,,,,,,,,
soporte-celular-moto-universal-espejo-negro-ajustable,Soporte Celular Moto Universal Espejo Negro Ajustable,"<p>¿Qué es?<br>Soporte para llevar el celular a la vista arriba de la moto, el scooter o el cuatriciclo, que se fija en la base del espejo retrovisor. Es universal y ajustable: se adapta a distintos anchos de teléfono y a cualquier vehículo que tenga espejo con rosca. Fabricado en plástico negro, resistente y liviano.</p>
<p>¿Para qué sirve?<br>Usar el celular como GPS sin perder de vista el camino: la pantalla queda al frente y a la altura de la vista, así seguís el recorrido en ruta o en ciudad de una mirada. Al ir en el espejo no ocupa lugar en el manubrio ni tapa el tablero. Útil para paseos largos, viajes a otra ciudad y para quien trabaja con apps de reparto.</p>
<p>¿Cómo se instala?<br>Se monta en la rosca de la base del espejo retrovisor, entre el espejo y el manillar. Viene listo para montar, no requiere perforar nada. Tiempo estimado: 5 minutos con una llave.</p>",Martinez Motos,Vehículos y recambios > Piezas y accesorios para vehículos > Piezas para vehículos motorizados > Piezas de bastidor y carrocería para vehículos motorizados,Soporte,"Accesorios para Vehículos, Repuestos Motos y Cuatriciclos, Soportes de Celular",true,Title,Default Title,,,,,,,,SOP-CEL-ESP-001,0.0,shopify,92,deny,manual,490.00,,true,true,,,,,,https://http2.mlstatic.com/D_828442-MLU116101041296_092026-O.jpg,1,,false,Soporte Celular Moto Para Espejo Ajustable | Martínez Motos,"Soporte de celular para moto que se fija en la base del espejo retrovisor. Universal y ajustable, en plástico negro. Envío a todo Uruguay.",,,,,,,,,,,,,https://http2.mlstatic.com/D_828442-MLU116101041296_092026-O.jpg,kg,,88.00,active,,,,
soporte-celular-moto-universal-espejo-negro-ajustable,,,,,,,,,,,,,,,,,,,,,,,,,,,,,,,,https://http2.mlstatic.com/D_634879-MLU117583016689_092026-O.jpg,2,,,,,,,,,,,,,,,,,,,,,,,,,
soporte-celular-moto-universal-espejo-negro-ajustable,,,,,,,,,,,,,,,,,,,,,,,,,,,,,,,,https://http2.mlstatic.com/D_684629-MLU116100806866_092026-O.jpg,3,,,,,,,,,,,,,,,,,,,,,,,,,
soporte-celular-moto-universal-espejo-negro-ajustable,,,,,,,,,,,,,,,,,,,,,,,,,,,,,,,,https://http2.mlstatic.com/D_682327-MLU116100718372_092026-O.jpg,4,,,,,,,,,,,,,,,,,,,,,,,,,
soporte-celular-moto-universal-espejo-negro-ajustable,,,,,,,,,,,,,,,,,,,,,,,,,,,,,,,,https://http2.mlstatic.com/D_837113-MLU117583016665_092026-O.jpg,5,,,,,,,,,,,,,,,,,,,,,,,,,
soporte-celular-moto-universal-manillar-negro-ajustable,Soporte Celular Moto Universal Manillar Negro Ajustable,"<p>¿Qué es?<br>Soporte para llevar el celular a la vista sobre el manubrio de la moto. Es universal y ajustable: la sujeción se abre y cierra para tomar celulares de distintos tamaños, y el mismo sistema lo fija con firmeza a manubrios tubulares de distinto diámetro. Fabricado en plástico negro, de línea discreta.</p>
<p>¿Para qué sirve?<br>Seguir el mapa y los pedidos sin soltar el manillar. Va en moto de calle, scooter, ciclomotor, cross, enduro y cuatriciclo con manubrio tubular. Pensado para quien hace delivery o trabaja con aplicaciones, y también como reemplazo cuando el soporte anterior se aflojó o se rompió.</p>
<p>¿Cómo se instala?<br>Se abraza al manubrio y se ajusta con el tornillo del soporte, dejando la pantalla en la posición que más te sirva para manejar. No requiere perforar nada. Tiempo estimado: 5 minutos con una llave Allen.</p>",Martinez Motos,Vehículos y recambios > Piezas y accesorios para vehículos > Piezas para vehículos motorizados > Piezas de bastidor y carrocería para vehículos motorizados,Soporte,"Accesorios para Vehículos, Repuestos Motos y Cuatriciclos, Soportes de Celular",true,Title,Default Title,,,,,,,,SOP-CEL-MAN-001,0.0,shopify,97,deny,manual,490.00,,true,true,,,,,,https://http2.mlstatic.com/D_635311-MLU116100483764_092026-O.jpg,1,,false,Soporte Celular Moto Para Manillar Ajustable | Martínez Motos,"Soporte de celular para manubrio de moto, universal y ajustable, en plástico negro. Ideal para delivery y apps de navegación.",,,,,,,,,,,,,https://http2.mlstatic.com/D_635311-MLU116100483764_092026-O.jpg,kg,,88.00,active,,,,
soporte-celular-moto-universal-manillar-negro-ajustable,,,,,,,,,,,,,,,,,,,,,,,,,,,,,,,,https://http2.mlstatic.com/D_978129-MLU116101039726_092026-O.jpg,2,,,,,,,,,,,,,,,,,,,,,,,,,
soporte-celular-moto-universal-manillar-negro-ajustable,,,,,,,,,,,,,,,,,,,,,,,,,,,,,,,,https://http2.mlstatic.com/D_928999-MLU117582400539_092026-O.jpg,3,,,,,,,,,,,,,,,,,,,,,,,,,
soporte-celular-moto-universal-manillar-negro-ajustable,,,,,,,,,,,,,,,,,,,,,,,,,,,,,,,,https://http2.mlstatic.com/D_758896-MLU116100716830_092026-O.jpg,4,,,,,,,,,,,,,,,,,,,,,,,,,
soporte-celular-moto-universal-manillar-negro-ajustable,,,,,,,,,,,,,,,,,,,,,,,,,,,,,,,,https://http2.mlstatic.com/D_786892-MLU116100716848_092026-O.jpg,5,,,,,,,,,,,,,,,,,,,,,,,,,
soporte-celular-moto-universal-manillar-negro-ajustable,,,,,,,,,,,,,,,,,,,,,,,,,,,,,,,,https://http2.mlstatic.com/D_901048-MLU117582400601_092026-O.jpg,6,,,,,,,,,,,,,,,,,,,,,,,,,
soporte-celular-moto-universal-manillar-negro-ajustable,,,,,,,,,,,,,,,,,,,,,,,,,,,,,,,,https://http2.mlstatic.com/D_685517-MLU116100805382_092026-O.jpg,7,,,,,,,,,,,,,,,,,,,,,,,,,
